id,nombre_archivo,nombre_espanol,nivel,areas_cuerpo,tipo_ejercicio,posicion,requiere_equipo,equipo_necesario,evitar_si_limitacion,objetivos,descripcion_corta,clasificado_por,verificado_manualmente,created_at
22,180_Jump_Squats.mov,Sentadillas con Salto de 180 Grados,avanzado,"piernas, gluteos, core, espalda","fuerza, cardio, equilibrio, estabilidad",de_pie,f,,"rodillas, espalda, cadera, cuello","fuerza, equilibrio, confianza",Ejercicio pliométrico avanzado que combina sentadilla profunda con salto explosivo y giro de 180 grados en el aire.,ia,f,2026-01-05 21:07:11.082169
23,180_Jumps.mov,Saltos de 180 Grados,avanzado,"piernas, core, gluteos","cardio, fuerza, equilibrio, estabilidad",de_pie,f,,"rodillas, cadera, espalda, cuello","fuerza, equilibrio, confianza","Salto explosivo con rotación de 180 grados en el aire, aterrizando en dirección opuesta.",ia,f,2026-01-05 21:07:25.10759
14,Alligator_Push-ups.mov,Flexiones de cocodrilo,avanzado,"brazos, hombros, pecho, core, espalda","fuerza, estabilidad",suelo,t,esterilla,"espalda, hombros, munecas, cuello","fuerza, estabilidad, postura","Variante avanzada de flexiones con movimiento alternado de brazos que imita el desplazamiento de un cocodrilo, requiriendo gran fuerza del tren superior.",ia,f,2026-01-04 21:25:22.798264
15,Archer_Push-ups.mov,Flexiones Arquero,avanzado,"brazos, hombros, pecho, core","fuerza, estabilidad",suelo,f,,"hombros, munecas, espalda, cuello","fuerza, estabilidad","Flexión avanzada donde se desplaza el peso lateralmente hacia un brazo mientras el otro se extiende, similar al movimiento de un arquero.",ia,f,2026-01-04 21:25:22.798264
16,Arm_Circles_Backward.mov,Círculos de Brazos Hacia Atrás,iniciacion,"brazos, hombros, espalda","movilidad, estiramiento",de_pie,f,,hombros,"movilidad, flexibilidad, postura",Movimiento circular de los brazos hacia atrás para mejorar la movilidad del hombro y la parte superior de la espalda.,ia,f,2026-01-04 21:25:22.798264
17,Arm_Circles_Forward.mov,Círculos de Brazos hacia Adelante,iniciacion,"brazos, hombros, espalda","movilidad, estiramiento",de_pie,f,,hombros,"movilidad, flexibilidad, postura",Movimiento circular de los brazos hacia adelante para mejorar la movilidad del hombro y activar la parte superior del cuerpo.,ia,f,2026-01-04 21:25:22.798264
18,Assisted_Triceps_Extension.mov,Extensión de Tríceps Asistida,iniciacion,brazos,"fuerza, movilidad",sentado,t,silla,"hombros, codos","fuerza, movilidad, confianza",Ejercicio asistido para fortalecer los tríceps (parte posterior del brazo) realizado desde posición sentada con apoyo.,ia,f,2026-01-04 21:25:22.798264
19,Backward_Lunges.mov,Zancadas hacia atrás,intermedio,"piernas, gluteos, core","fuerza, equilibrio, estabilidad",de_pie,f,,"rodillas, cadera, espalda","fuerza, equilibrio, estabilidad, movilidad","Ejercicio de fuerza que consiste en dar un paso largo hacia atrás, flexionando ambas rodillas hasta formar ángulos de 90 grados.",ia,f,2026-01-04 21:25:22.798264
20,Beetle.mov,El Escarabajo,intermedio,"core, espalda, hombros, cadera","fuerza, estabilidad, movilidad",tumbado,t,esterilla,"espalda, cuello, hombros, cadera","fuerza, estabilidad, movilidad, postura",Ejercicio tumbado boca arriba con movimientos alternos de brazos y piernas que fortalece el core y mejora la coordinación.,ia,f,2026-01-04 21:25:22.798264
21,Bent_Knee_Leg_Raises.mov,Elevaciones de Piernas con Rodillas Flexionadas,iniciacion,"core, piernas, gluteos","fuerza, estabilidad",tumbado,t,esterilla,"espalda, cadera","fuerza, estabilidad, postura",Ejercicio tumbado boca arriba que fortalece el abdomen bajo elevando las piernas con las rodillas dobladas.,ia,f,2026-01-04 21:25:22.798264
24,Bicycle_Crunches.mov,Abdominales en bicicleta,avanzado,"core, piernas","fuerza, cardio, estabilidad",suelo,t,esterilla,"espalda, cuello, cadera","fuerza, flexibilidad, postura",Ejercicio abdominal dinámico que combina rotación del tronco con movimiento alternado de piernas imitando el pedaleo.,ia,f,2026-01-05 21:07:39.442835
25,Blastoff_Plank.mov,Plancha con Despegue,avanzado,"core, brazos, hombros, pecho, espalda","fuerza, estabilidad, cardio",cuadrupedia,t,esterilla,"espalda, hombros, munecas, cuello","fuerza, estabilidad, postura",Ejercicio avanzado de plancha con impulso dinámico que combina fuerza del core con movimiento explosivo de piernas.,ia,f,2026-01-05 21:07:52.957095
26,Bridge.mov,Puente de glúteos,intermedio,"gluteos, core, piernas, espalda","fuerza, estabilidad",tumbado,t,esterilla,"espalda, cuello, cadera","fuerza, postura, estabilidad",Ejercicio tumbado boca arriba que consiste en elevar la cadera del suelo creando una línea recta desde rodillas hasta hombros.,ia,f,2026-01-05 21:08:06.689241
27,Burpee_Tuck_Jumps.mov,Burpees con Salto Agrupado,avanzado,"piernas, core, brazos, espalda, hombros, gluteos, pecho","cardio, fuerza, estabilidad",de_pie,f,,"espalda, rodillas, hombros, munecas, cuello, cadera","fuerza, movilidad, equilibrio",Ejercicio de alta intensidad que combina una flexión en el suelo con un salto explosivo llevando las rodillas al pecho.,ia,f,2026-01-05 21:08:20.814551
28,Burpees.mov,Burpees,avanzado,"piernas, core, brazos, espalda, hombros, gluteos, pecho","fuerza, cardio, estabilidad",de_pie,f,,"espalda, rodillas, hombros, munecas, cuello, cadera","fuerza, confianza","Ejercicio de cuerpo completo de alta intensidad que combina sentadilla, plancha, flexión y salto en un movimiento continuo.",ia,f,2026-01-05 21:08:34.479659
29,Butt_Kicker_Jump_Squats.mov,Sentadillas con Salto y Patada de Glúteos,avanzado,"piernas, gluteos, core","cardio, fuerza, equilibrio",de_pie,f,,"rodillas, espalda, cadera","fuerza, equilibrio, confianza","Ejercicio de alta intensidad que combina sentadillas con salto y patadas de talón hacia los glúteos, requiriendo fuerza explosiva y coordinación avanzada.",ia,f,2026-01-05 21:08:47.90871
30,Cat_Cow.mov,Gato-Vaca,iniciacion,"espalda, core, hombros, cuello","movilidad, estiramiento, estabilidad",cuadrupedia,t,esterilla,"munecas, rodillas, espalda","movilidad, flexibilidad, postura",Ejercicio de movilidad espinal que alterna entre arquear y redondear la espalda en posición de cuatro apoyos.,ia,f,2026-01-05 21:09:03.489484
31,Child's_Pose.mov,Postura del Niño,iniciacion,"espalda, hombros, cadera","estiramiento, movilidad",suelo,t,esterilla,"rodillas, cadera, espalda","flexibilidad, movilidad, postura","Postura de yoga de descanso que estira suavemente la espalda, hombros y caderas mientras se descansa arrodillado con el torso hacia adelante.",ia,f,2026-01-05 21:09:19.38514
32,Clap_Jacks.mov,Saltos con Palmadas,avanzado,"piernas, brazos, hombros, gluteos, core","cardio, fuerza, equilibrio",de_pie,f,,"rodillas, cadera, hombros, espalda","fuerza, equilibrio, confianza",Ejercicio cardiovascular de alto impacto que combina saltos laterales de piernas con palmadas de brazos sobre la cabeza.,ia,f,2026-01-05 21:09:33.220641
33,Cobblers_Stretch.mov,Estiramiento del Zapatero,iniciacion,"cadera, piernas, gluteos","estiramiento, movilidad",sentado,f,,"cadera, rodillas","flexibilidad, movilidad","Estiramiento suave de caderas sentado con plantas de los pies juntas, mejorando la flexibilidad de aductores e ingle.",ia,f,2026-01-05 21:09:45.996216
34,Commander_Push-ups.mov,Flexiones de comandante,avanzado,"brazos, hombros, pecho, core","fuerza, estabilidad",suelo,f,,"hombros, munecas, espalda, cuello","fuerza, estabilidad, confianza",Variante avanzada de flexiones que combina movimiento del tren superior con elevación alternada de brazos en posición de plancha.,ia,f,2026-01-05 21:10:00.005142
35,Count_Burpee_and_Tuck_Jump.mov,Burpee y Salto con Rodillas al Pecho,avanzado,"piernas, core, brazos, espalda, hombros, gluteos, pecho","cardio, fuerza, equilibrio",de_pie,f,,"espalda, rodillas, hombros, munecas, cuello, cadera","fuerza, equilibrio, confianza","Ejercicio de alta intensidad que combina burpees con saltos explosivos llevando las rodillas al pecho, diseñado para condición física avanzada.",ia,f,2026-01-05 21:10:14.251572
36,Count_Burpees.mov,Burpees,avanzado,"piernas, core, brazos, pecho, hombros, gluteos","cardio, fuerza, estabilidad",de_pie,f,,"espalda, rodillas, hombros, munecas, cuello, cadera","fuerza, movilidad, equilibrio","Ejercicio de alto impacto que combina sentadilla, plancha y salto en un movimiento continuo y explosivo.",ia,f,2026-01-05 21:10:27.905921
37,Count_Modified_Burpees.mov,Burpees Modificados con Conteo,intermedio,"piernas, core, brazos, pecho, hombros, gluteos","cardio, fuerza, estabilidad",de_pie,t,silla,"rodillas, espalda, hombros, munecas, cadera","fuerza, cardio, confianza, movilidad","Versión adaptada del burpee tradicional usando silla como apoyo, combinando sentadilla, inclinación y elevación con conteo para mantener el ritmo.",ia,f,2026-01-05 21:10:44.008469
38,Crab_Bridge.mov,Puente de Cangrejo,avanzado,"brazos, hombros, core, gluteos, piernas, espalda","fuerza, estabilidad, movilidad",suelo,t,esterilla,"munecas, hombros, espalda, cuello, cadera","fuerza, estabilidad, movilidad, postura","Ejercicio de puente invertido con soporte en manos y pies, elevando las caderas hacia el techo mientras el cuerpo mira hacia arriba.",ia,f,2026-01-05 21:10:58.715277
39,Cross_Jacks.mov,Saltos de tijera cruzados,avanzado,"piernas, brazos, hombros, core, gluteos","cardio, fuerza, equilibrio",de_pie,f,,"rodillas, cadera, hombros, espalda","fuerza, equilibrio, confianza",Variación de saltos de tijera donde brazos y piernas se cruzan por delante del cuerpo en lugar de abrirse lateralmente.,ia,f,2026-01-05 21:11:12.967185
40,Crossing_Punches.mov,Puñetazos Cruzados,intermedio,"brazos, hombros, pecho, core","fuerza, cardio, movilidad",de_pie,f,,"hombros, espalda","fuerza, movilidad, confianza, postura","Movimiento dinámico de brazos cruzando el cuerpo alternadamente como puñetazos, fortaleciendo tren superior y activando el core.",ia,f,2026-01-05 21:11:27.698584
41,Crunches.mov,Abdominales (Encogimientos),intermedio,core,fuerza,tumbado,t,esterilla,"espalda, cuello","fuerza, postura",Ejercicio abdominal clásico tumbado boca arriba que fortalece el core mediante elevación del tronco superior.,ia,f,2026-01-05 21:11:39.926772
42,Cursty_Lunges_Left.mov,Zancadas con reverencia izquierda,avanzado,"piernas, gluteos, core","fuerza, equilibrio, estabilidad",de_pie,f,,"rodillas, cadera, espalda","fuerza, equilibrio, movilidad, confianza","Zancada lateral cruzada donde la pierna izquierda se desplaza hacia atrás en diagonal detrás de la pierna derecha, simulando una reverencia.",ia,f,2026-01-05 21:11:54.467014
43,Cursty_Lunges_Right.mov,Zancadas con reverencia (pierna derecha),avanzado,"piernas, gluteos, core","fuerza, equilibrio, estabilidad",de_pie,f,,"rodillas, cadera, espalda","fuerza, equilibrio, estabilidad","Zancada diagonal cruzando la pierna derecha por detrás hacia el lado contrario, simulando una reverencia, que trabaja intensamente glúteos y equilibrio.",ia,f,2026-01-05 21:12:10.909514
44,Dolphin_Push-ups.mov,Flexiones delfín,avanzado,"hombros, brazos, core, espalda, pecho","fuerza, estabilidad",suelo,t,esterilla,"hombros, munecas, espalda, cuello","fuerza, estabilidad, postura",Flexión avanzada con antebrazos apoyados que fortalece hombros y core mediante movimiento de balanceo hacia adelante y atrás.,ia,f,2026-01-05 21:12:25.713312
45,Donkey_Kicks_Left.mov,Patada de burro - Pierna izquierda,intermedio,"gluteos, piernas, core, espalda","fuerza, estabilidad",cuadrupedia,f,esterilla,"munecas, rodillas, espalda, hombros","fuerza, equilibrio, estabilidad, movilidad","Ejercicio en posición de cuatro apoyos donde se eleva la pierna izquierda hacia atrás manteniendo la rodilla doblada, fortaleciendo glúteos y mejorando estabilidad del core.",ia,f,2026-01-05 21:12:41.638864
46,Donkey_Kicks_Right.mov,Patadas de burro pierna derecha,intermedio,"gluteos, piernas, core, espalda","fuerza, estabilidad",cuadrupedia,f,esterilla,"rodillas, munecas, espalda, cadera","fuerza, equilibrio, estabilidad, postura","Ejercicio en cuadrupedia donde se extiende la pierna derecha hacia atrás elevando el talón hacia el techo, fortaleciendo glúteos y piernas.",ia,f,2026-01-05 21:12:56.269295
47,Double_Pulse_Squat.mov,Sentadilla con Doble Pulso,avanzado,"piernas, gluteos, core","fuerza, estabilidad",de_pie,f,,"rodillas, cadera, espalda","fuerza, equilibrio, confianza","Sentadilla con dos pulsos pequeños en la posición baja antes de subir, intensificando el trabajo muscular en piernas y glúteos.",ia,f,2026-01-05 21:13:10.697479
48,Double_Snap_Push-ups.mov,Flexiones con Doble Palmada,avanzado,"pecho, brazos, hombros, core","fuerza, cardio",suelo,f,,"espalda, hombros, munecas, cuello","fuerza, confianza",Flexiones explosivas donde se da una palmada doble en el aire antes de volver a apoyar las manos en el suelo.,ia,f,2026-01-05 21:13:24.735816
49,Drop_Push-ups.mov,Flexiones con Caída,avanzado,"pecho, brazos, hombros, core","fuerza, estabilidad",suelo,f,,"hombros, munecas, espalda, cuello","fuerza, estabilidad",Flexiones pliométricas avanzadas que implican dejar caer el cuerpo desde una superficie elevada y amortiguar con los brazos.,ia,f,2026-01-05 21:13:38.147179
50,Elbow_Plank_Legraises.mov,Plancha sobre codos con elevación de piernas,avanzado,"core, brazos, hombros, gluteos, piernas, espalda","fuerza, estabilidad",suelo,t,esterilla,"espalda, hombros, munecas, cuello, cadera","fuerza, estabilidad, postura",Ejercicio avanzado de plancha sobre antebrazos con elevaciones alternadas de piernas que desafía el core y la estabilidad corporal total.,ia,f,2026-01-05 21:13:55.047896
51,F_Superman.mov,Superman,avanzado,"espalda, gluteos, core, hombros","fuerza, estabilidad",tumbado,f,esterilla,"espalda, cuello, hombros","fuerza, postura, estabilidad","Ejercicio tumbado boca abajo elevando brazos y piernas simultáneamente, fortaleciendo la cadena posterior del cuerpo.",ia,f,2026-01-05 21:14:08.768199
52,Fire_Hydrant_Left.mov,Hidratante de Fuego Izquierdo,intermedio,"gluteos, cadera, core, piernas","fuerza, estabilidad, movilidad",cuadrupedia,f,esterilla,"rodillas, munecas, cadera, espalda","fuerza, estabilidad, movilidad, equilibrio",Ejercicio en cuadrupedia que consiste en elevar la pierna izquierda lateralmente manteniendo la rodilla doblada a 90 grados.,ia,f,2026-01-05 21:24:24.501727
53,Fire_Hydrant_Right.mov,Hidratante de Fuego (Pierna Derecha),intermedio,"gluteos, cadera, core, piernas","fuerza, estabilidad, movilidad",cuadrupedia,t,esterilla,"rodillas, munecas, cadera, espalda","fuerza, movilidad, estabilidad, equilibrio",Ejercicio en cuadrupedia que fortalece glúteos y cadera elevando la pierna derecha lateralmente con rodilla flexionada.,ia,f,2026-01-05 21:24:40.166836
54,Flying_Kick.mov,Patada Voladora,avanzado,"piernas, core, gluteos, cadera","fuerza, equilibrio, cardio, estabilidad",de_pie,f,,"espalda, rodillas, cadera, cuello","fuerza, equilibrio, confianza","Ejercicio de patada dinámica con impulso que requiere coordinación, fuerza en piernas y equilibrio avanzado sobre una pierna.",ia,f,2026-01-05 21:24:53.886183
55,Forward_Lunges.mov,Zancadas hacia adelante,avanzado,"piernas, gluteos, core","fuerza, equilibrio, estabilidad",de_pie,f,,"rodillas, cadera, espalda","fuerza, equilibrio, movilidad, confianza",Ejercicio de dar un paso largo hacia adelante flexionando ambas rodillas para fortalecer piernas y glúteos.,ia,f,2026-01-05 21:25:07.743852
56,Frog_Squats.mov,Sentadillas de Rana,intermedio,"piernas, gluteos, core, cadera","fuerza, movilidad, estabilidad",de_pie,f,,"rodillas, cadera, espalda","fuerza, movilidad, equilibrio, flexibilidad","Sentadilla profunda con piernas separadas y pies hacia afuera, imitando la postura de una rana.",ia,f,2026-01-05 21:25:22.248488
57,Froggers.mov,Ranas o Saltos de Rana,avanzado,"piernas, core, gluteos, cadera","fuerza, cardio, equilibrio",de_pie,f,,"rodillas, cadera, espalda","fuerza, equilibrio, movilidad","Ejercicio dinámico que implica saltos en cuclillas imitando el movimiento de una rana, trabajando potencia en tren inferior.",ia,f,2026-01-05 21:25:36.186508
58,Gluteus_Bridge.mov,Puente de glúteos,iniciacion,"gluteos, core, piernas, espalda","fuerza, estabilidad",tumbado,f,esterilla,"espalda, cuello, cadera","fuerza, movilidad, postura, estabilidad",Ejercicio tumbado boca arriba que consiste en elevar la cadera del suelo formando un puente con el cuerpo.,ia,f,2026-01-05 21:25:50.343152
59,Gluteus_Stretch_Left.mov,Estiramiento de Glúteo Izquierdo,iniciacion,"gluteos, cadera, espalda","estiramiento, movilidad",sentado,t,silla,cadera,"movilidad, flexibilidad",Estiramiento suave del glúteo izquierdo realizado desde posición sentada para mejorar la movilidad de cadera.,ia,f,2026-01-05 21:26:04.259624
60,Gluteus_Stretch_Right.mov,Estiramiento de Glúteo Derecho,iniciacion,"gluteos, cadera, espalda","estiramiento, movilidad",sentado,t,silla,cadera,"flexibilidad, movilidad, postura","Estiramiento suave del glúteo derecho realizado desde posición sentada, ideal para mejorar la flexibilidad de cadera.",ia,f,2026-01-05 21:26:16.923064
61,Half_Burpees.mov,Medios Burpees,avanzado,"piernas, core, brazos, hombros, gluteos, pecho","cardio, fuerza, estabilidad",de_pie,f,,"espalda, rodillas, munecas, hombros, cadera","fuerza, cardio, confianza","Versión modificada del burpee sin salto final, combinando flexión de cadera, plancha y elevación del cuerpo.",ia,f,2026-01-05 21:26:31.731054
62,Heel_Touches.mov,Toques de talón,intermedio,"core, piernas, gluteos","fuerza, cardio, estabilidad",suelo,t,esterilla,"espalda, cuello, cadera","fuerza, movilidad, flexibilidad",Ejercicio abdominal en el suelo donde se alternan toques de las manos a los talones con ligera flexión lateral del tronco.,ia,f,2026-01-05 21:26:45.250397
63,Hello_Darlings.mov,Saludo inicial o bienvenida,iniciacion,"brazos, hombros",movilidad,sentado,t,silla,,"movilidad, confianza",Movimiento suave de saludo con los brazos para iniciar la sesión y preparar el cuerpo.,ia,f,2026-01-05 21:26:56.597469
64,High-Five_Abs.mov,Abdominales Choca Esos Cinco,intermedio,"core, brazos, hombros","fuerza, estabilidad, cardio",suelo,t,esterilla,"espalda, cuello, hombros, munecas","fuerza, estabilidad, confianza",Ejercicio abdominal dinámico donde se alternan toques de manos mientras se mantiene posición de plancha o crunch.,ia,f,2026-01-05 21:27:11.785842
65,High_Jumps.mov,Saltos Altos,avanzado,"piernas, gluteos, core, pantorrillas","cardio, fuerza, equilibrio",de_pie,f,,"rodillas, cadera, espalda, tobillos","fuerza, cardio, equilibrio, potencia","Ejercicio de alto impacto que consiste en saltar verticalmente lo más alto posible, activando toda la cadena muscular inferior.",ia,f,2026-01-05 21:27:25.890743
66,High_Knees.mov,Rodillas Altas,avanzado,"piernas, core, gluteos","cardio, fuerza, equilibrio",de_pie,f,,"rodillas, cadera, espalda","fuerza, equilibrio, confianza",Ejercicio cardiovascular de alto impacto que consiste en elevar las rodillas alternadamente hacia el pecho mientras se mantiene una postura erguida.,ia,f,2026-01-05 21:27:39.322638
67,High_Plank.mov,Plancha Alta,avanzado,"core, brazos, hombros, pecho, espalda","fuerza, estabilidad",cuadrupedia,t,esterilla,"espalda, hombros, munecas, cuello","fuerza, estabilidad, postura","Posición estática de plancha con brazos extendidos, manteniendo el cuerpo recto desde la cabeza hasta los pies.",ia,f,2026-01-05 21:27:52.40616
68,High_Plank_Jacks.mov,Saltos de Plancha Alta,avanzado,"core, brazos, hombros, piernas, pecho","fuerza, cardio, estabilidad",cuadrupedia,f,esterilla,"espalda, hombros, munecas, rodillas, cuello","fuerza, equilibrio","Ejercicio de alta intensidad que combina la posición de plancha con saltos laterales de piernas, similar a jumping jacks horizontales.",ia,f,2026-01-05 21:28:06.815081
69,High_Plank_Jumping_Jacks.mov,Saltos de tijera en plancha alta,avanzado,"core, hombros, brazos, piernas, pecho","fuerza, cardio, estabilidad",cuadrupedia,f,esterilla,"espalda, hombros, munecas, rodillas, cuello, cadera","fuerza, confianza","Ejercicio de alta intensidad que combina la plancha alta con saltos de piernas hacia afuera y adentro, similar a un jumping jack horizontal.",ia,f,2026-01-05 21:28:22.615188
70,High_Plank_Knee_Drops.mov,Plancha Alta con Descenso de Rodillas,avanzado,"core, brazos, hombros, pecho","fuerza, estabilidad",cuadrupedia,t,esterilla,"espalda, hombros, munecas, rodillas","fuerza, estabilidad, postura",Ejercicio de plancha alta donde se descienden alternadamente las rodillas al suelo manteniendo el tronco estable.,ia,f,2026-01-05 21:28:35.433145
71,High_Plank_Knee_to_Elbow.mov,Plancha Alta con Rodilla al Codo,avanzado,"core, brazos, hombros, piernas","fuerza, estabilidad, cardio",cuadrupedia,t,esterilla,"espalda, hombros, munecas, rodillas","fuerza, estabilidad, postura","Ejercicio de plancha alta alternando llevar cada rodilla hacia el codo opuesto, activando intensamente el core y trabajando coordinación.",ia,f,2026-01-05 21:28:50.113041
72,High_Plank_Leg_Lifts_Left.mov,Elevaciones de Pierna en Plancha Alta (Izquierda),avanzado,"core, gluteos, hombros, brazos, espalda, piernas","fuerza, estabilidad, equilibrio",cuadrupedia,f,esterilla,"espalda, hombros, munecas, cuello","fuerza, estabilidad, equilibrio, postura",Ejercicio avanzado en posición de plancha sobre manos elevando la pierna izquierda mientras se mantiene el core estable.,ia,f,2026-01-05 21:29:05.288775
73,High_Plank_Leg_Lifts_Right.mov,Elevaciones de Pierna en Plancha Alta Derecha,avanzado,"core, gluteos, hombros, brazos, espalda, piernas","fuerza, estabilidad, equilibrio",cuadrupedia,t,esterilla,"espalda, hombros, munecas, cuello","fuerza, estabilidad, equilibrio, postura","Ejercicio avanzado que combina plancha alta con elevación de pierna derecha, requiriendo gran fuerza del core y estabilidad corporal.",ia,f,2026-01-05 21:29:19.360927
74,High_Side_Plank_Left.mov,Plancha Lateral Alta (Lado Izquierdo),avanzado,"core, hombros, brazos, oblicuos","fuerza, estabilidad, equilibrio",suelo,t,esterilla,"hombros, munecas, espalda, cuello","fuerza, estabilidad, postura","Ejercicio avanzado de plancha lateral apoyado sobre la mano, manteniendo el cuerpo elevado en línea recta sobre el lado izquierdo.",ia,f,2026-01-05 21:29:34.797738
75,High_Side_Plank_Right.mov,Plancha Lateral Alta (Lado Derecho),avanzado,"core, hombros, brazos, gluteos","fuerza, estabilidad, equilibrio",suelo,t,esterilla,"hombros, munecas, espalda, cuello","fuerza, estabilidad, postura, equilibrio","Ejercicio isométrico avanzado de plancha lateral en posición alta, apoyado sobre la mano derecha, manteniendo el cuerpo en línea recta.",ia,f,2026-01-05 21:29:50.753499
76,Hindu_Push-ups.mov,Flexiones Hindúes,avanzado,"brazos, hombros, pecho, espalda, core","fuerza, movilidad, estabilidad",suelo,f,esterilla,"espalda, hombros, munecas, cuello, cadera","fuerza, movilidad, flexibilidad, postura","Flexión dinámica que combina movimiento de onda corporal, trabajando todo el tren superior con transición fluida.",ia,f,2026-01-05 21:30:05.735983
77,Hip_Abduction_Left.mov,Abducción de cadera izquierda,iniciacion,"piernas, gluteos, cadera","movilidad, fuerza, equilibrio",de_pie,f,"silla, pared",cadera,"movilidad, fuerza, equilibrio, estabilidad",Ejercicio de elevación lateral de la pierna izquierda para fortalecer abductores de cadera y mejorar el equilibrio.,ia,f,2026-01-05 21:30:20.68146
78,Hip_Abduction_Right.mov,Abducción de cadera derecha,iniciacion,"piernas, gluteos, cadera","movilidad, fuerza, estabilidad",de_pie,f,"silla, pared",cadera,"movilidad, fuerza, equilibrio, confianza","Movimiento lateral de la pierna derecha hacia afuera, fortaleciendo abductores de cadera y glúteo medio.",ia,f,2026-01-05 21:30:34.636438
79,Hip_Adduction_Left.mov,Aducción de cadera izquierda,iniciacion,"piernas, cadera, gluteos","fuerza, movilidad, estabilidad",de_pie,f,"silla, pared",cadera,"fuerza, movilidad, equilibrio, estabilidad","Movimiento de la pierna izquierda hacia la línea media del cuerpo, fortaleciendo los músculos aductores de la cadera.",ia,f,2026-01-05 21:30:48.535651
80,Hip_Adduction_Right.mov,Aducción de Cadera Derecha,iniciacion,"piernas, cadera, gluteos","fuerza, movilidad",de_pie,f,"pared, silla",cadera,"fuerza, movilidad, equilibrio, estabilidad",Movimiento de la pierna derecha hacia la línea media del cuerpo para fortalecer los músculos aductores internos del muslo.,ia,f,2026-01-05 21:31:01.843371
81,In_and_Out_Jump_Squats.mov,Sentadillas con Salto Abriendo y Cerrando Piernas,avanzado,"piernas, gluteos, core","cardio, fuerza, equilibrio",de_pie,f,,"rodillas, cadera, espalda","fuerza, equilibrio",Ejercicio pliométrico que combina sentadillas con saltos alternando posición de piernas abiertas y cerradas.,ia,f,2026-01-05 21:31:13.900556
82,Inchworm_Low_Plank.mov,Gusano con Plancha Baja,avanzado,"core, brazos, hombros, espalda, piernas","fuerza, movilidad, estabilidad",de_pie,t,esterilla,"espalda, hombros, munecas, cuello","fuerza, movilidad, flexibilidad, postura",Ejercicio dinámico que combina flexión hacia adelante caminando con las manos hasta posición de plancha baja sobre antebrazos.,ia,f,2026-01-05 21:31:30.94148
83,Inchworms.mov,Gusano medidor,avanzado,"core, hombros, brazos, espalda, piernas","fuerza, movilidad, estabilidad",de_pie,f,,"espalda, hombros, munecas, rodillas","fuerza, movilidad, flexibilidad, postura","Ejercicio dinámico que combina flexión hacia adelante caminando con las manos hacia plancha y retorno, trabajando todo el cuerpo.",ia,f,2026-01-05 21:31:45.415391
84,Inclined_Wall_Push-ups.mov,Flexiones en pared inclinada,iniciacion,"brazos, hombros, pecho",fuerza,de_pie,t,pared,"hombros, munecas","fuerza, postura, confianza","Flexiones realizadas contra una pared en posición inclinada, ideal para fortalecer brazos, hombros y pecho sin necesidad de tirarse al suelo.",ia,f,2026-01-05 21:32:00.704146
85,JackKnife.mov,Navaja o Jackknife,avanzado,"core, piernas, espalda","fuerza, estabilidad",tumbado,t,esterilla,"espalda, cuello, cadera","fuerza, estabilidad, flexibilidad","Ejercicio abdominal avanzado donde se elevan simultáneamente piernas y tronco desde posición tumbada, formando una 'V' con el cuerpo.",ia,f,2026-01-05 21:32:15.332356
86,Jacks.mov,Saltos de tijera o jumping jacks,avanzado,"piernas, brazos, hombros, core, gluteos","cardio, fuerza, equilibrio",de_pie,f,,"rodillas, cadera, hombros, espalda","fuerza, equilibrio, confianza",Ejercicio cardiovascular de impacto que combina saltos con apertura simultánea de piernas y brazos.,ia,f,2026-01-05 21:32:28.27065
87,Jog_In_Place.mov,Trote en el sitio,intermedio,"piernas, core, gluteos","cardio, equilibrio",de_pie,f,,"rodillas, cadera, espalda","cardio, equilibrio, fuerza, confianza","Ejercicio cardiovascular que consiste en simular el movimiento de trote sin desplazarse, elevando las rodillas alternadamente.",ia,f,2026-01-05 21:32:42.931476
88,Jump_Lunges.mov,Zancadas con Salto,avanzado,"piernas, gluteos, core","cardio, fuerza, equilibrio",de_pie,f,,"rodillas, cadera, espalda","fuerza, equilibrio, confianza","Ejercicio pliométrico que combina zancadas alternadas con saltos explosivos, requiriendo alta intensidad y coordinación.",ia,f,2026-01-05 21:32:55.703998
89,Jump_Squats.mov,Sentadillas con Salto,avanzado,"piernas, gluteos, core","fuerza, cardio, equilibrio",de_pie,f,,"rodillas, cadera, espalda","fuerza, equilibrio, confianza",Ejercicio de alta intensidad que combina sentadilla profunda con salto explosivo vertical.,ia,f,2026-01-05 21:33:09.744675
90,Jumping_Jacks.mov,Saltos de tijera,avanzado,"piernas, brazos, hombros, core, gluteos","cardio, fuerza, equilibrio",de_pie,f,,"rodillas, cadera, hombros, espalda","fuerza, equilibrio, confianza",Ejercicio cardiovascular de alto impacto que implica saltos con apertura y cierre simultáneo de piernas y brazos.,ia,f,2026-01-05 21:33:23.89261
91,Knee_High_Side_Plank_Left.mov,Plancha Lateral con Rodillas Apoyadas (Lado Izquierdo),intermedio,"core, hombros, brazos, oblicuos","fuerza, estabilidad",suelo,t,esterilla,"hombros, munecas, espalda","fuerza, estabilidad, postura","Plancha lateral modificada apoyando las rodillas en lugar de los pies, trabajando el lado izquierdo del cuerpo para fortalecer el core y los oblicuos.",ia,f,2026-01-05 21:33:38.696023
92,Knee_High_Side_Plank_Right.mov,Plancha Lateral con Rodillas Apoyadas (Lado Derecho),avanzado,"core, hombros, brazos, oblicuos","fuerza, estabilidad, equilibrio",suelo,t,esterilla,"hombros, munecas, espalda, cuello","fuerza, estabilidad, postura, equilibrio","Plancha lateral modificada apoyando las rodillas, activando el core y los oblicuos del lado derecho.",ia,f,2026-01-05 21:33:53.164697
93,Knee_Lay_Down_Push-ups.mov,Flexiones de rodillas tumbado,intermedio,"pecho, brazos, hombros, core","fuerza, estabilidad",tumbado,f,esterilla,"hombros, munecas, espalda, rodillas","fuerza, estabilidad, confianza",Flexiones modificadas apoyando las rodillas en el suelo para reducir la intensidad y proteger la espalda baja.,ia,f,2026-01-05 21:34:08.333357
94,Knee_Low_Side_Plank_Left.mov,Plancha lateral baja con rodillas apoyadas (izquierda),intermedio,"core, hombros, brazos, gluteos","fuerza, estabilidad, equilibrio",suelo,t,esterilla,"hombros, munecas, rodillas, cadera","fuerza, estabilidad, postura, equilibrio","Plancha lateral modificada apoyando rodillas y antebrazo izquierdo, activando el core y la estabilidad lateral del cuerpo.",ia,f,2026-01-05 21:34:23.511505
95,Knee_Low_Side_Plank_Lifts_Left.mov,Elevaciones de Plancha Lateral Baja con Rodilla (Izquierda),avanzado,"core, brazos, hombros, gluteos, espalda","fuerza, estabilidad, equilibrio",suelo,t,esterilla,"hombros, munecas, espalda, cadera","fuerza, estabilidad, equilibrio, postura","Plancha lateral modificada apoyando la rodilla, elevando y bajando las caderas del suelo mientras se mantiene el peso sobre el antebrazo izquierdo.",ia,f,2026-01-05 21:34:39.514532
96,Knee_Low_Side_Plank_Lifts_Right.mov,Elevaciones de Plancha Lateral Baja sobre Rodillas (Derecha),intermedio,"core, brazos, hombros, gluteos, cadera","fuerza, estabilidad, equilibrio",suelo,t,esterilla,"hombros, munecas, rodillas, cadera","fuerza, estabilidad, equilibrio, postura","Plancha lateral modificada apoyando rodillas, elevando y bajando la cadera del lado derecho para fortalecer el core lateral.",ia,f,2026-01-05 21:34:53.525753
97,Knee_Low_Side_Plank_Right.mov,Plancha lateral baja con rodillas (lado derecho),intermedio,"core, hombros, brazos, oblicuos","fuerza, estabilidad",suelo,t,esterilla,"hombros, munecas, cadera, rodillas","fuerza, estabilidad, postura","Plancha lateral modificada apoyando rodillas en el suelo, trabajando el lado derecho del cuerpo para fortalecer el core lateral.",ia,f,2026-01-05 21:35:09.015565
98,Knee_Narrow_to_Wide_Push-ups.mov,Flexiones de rodillas de estrechas a amplias,intermedio,"pecho, brazos, hombros, core","fuerza, estabilidad",cuadrupedia,t,esterilla,"munecas, hombros, rodillas","fuerza, estabilidad, postura",Flexiones apoyando rodillas alternando posición de manos entre estrecha y amplia para trabajar diferentes ángulos del pecho y brazos,ia,f,2026-01-05 21:35:23.902016
99,Knee_Plyo_Push-ups.mov,Flexiones Pliométricas de Rodillas,avanzado,"brazos, pecho, hombros, core","fuerza, cardio",suelo,t,esterilla,"hombros, munecas, espalda, cuello, rodillas","fuerza, confianza",Flexiones explosivas con las rodillas apoyadas donde las manos despegan del suelo en la fase ascendente.,ia,f,2026-01-05 21:35:36.541826
100,Knee_Push-ups.mov,Flexiones de rodillas,intermedio,"brazos, pecho, hombros, core","fuerza, estabilidad",cuadrupedia,t,esterilla,"munecas, hombros, rodillas","fuerza, postura, confianza","Flexiones modificadas apoyando las rodillas en el suelo, ideales para fortalecer brazos y pecho con menor intensidad.",ia,f,2026-01-05 21:35:50.887689
101,Knee_Side_to_Side_Push-ups.mov,Flexiones de Rodillas con Desplazamiento Lateral,intermedio,"brazos, pecho, hombros, core","fuerza, estabilidad",cuadrupedia,f,esterilla,"munecas, hombros, rodillas","fuerza, estabilidad, confianza",Flexiones modificadas apoyando las rodillas con desplazamiento lateral del cuerpo para trabajar diferentes ángulos del pecho y brazos.,ia,f,2026-01-05 21:36:06.485139
102,Knee_Tuck_Crunches.mov,Encogimientos con elevación de rodillas,avanzado,"core, piernas","fuerza, estabilidad",tumbado,t,esterilla,"espalda, cuello, cadera","fuerza, estabilidad",Ejercicio abdominal que combina encogimientos tradicionales con elevación simultánea de rodillas hacia el pecho mientras se está tumbado boca arriba.,ia,f,2026-01-05 21:36:19.697292
103,Knee_Up_Downs.mov,Subidas y Bajadas de Rodilla,iniciacion,"piernas, core, cadera","movilidad, fuerza, equilibrio",de_pie,t,silla,"rodillas, cadera","movilidad, fuerza, equilibrio, confianza","Ejercicio de elevación alternada de rodillas hacia el pecho, mejorando la movilidad de cadera y fortaleciendo el core.",ia,f,2026-01-05 21:36:33.826073
104,Knee_and_Stand_Left.mov,Rodilla y Levantarse (Izquierda),intermedio,"piernas, gluteos, core","fuerza, equilibrio, movilidad",suelo,f,,"rodillas, cadera","fuerza, equilibrio, movilidad, confianza","Ejercicio de transición desde posición de rodillas a posición de pie, apoyándose principalmente en la pierna izquierda.",ia,f,2026-01-05 21:36:47.259824
105,Knee_and_Stand_Right.mov,Rodilla al pecho y ponerse de pie (pierna derecha),intermedio,"piernas, core, gluteos, cadera","fuerza, equilibrio, movilidad, estabilidad",de_pie,f,,"rodillas, cadera, espalda","fuerza, equilibrio, movilidad, confianza","Ejercicio que combina elevar la rodilla derecha hacia el pecho y realizar una transición controlada para ponerse de pie, trabajando fuerza y equilibrio.",ia,f,2026-01-05 21:37:01.745484
106,Kneeling_Hip_Flexor_Stretch_Left.mov,Estiramiento de Flexor de Cadera en Rodilla (Izquierda),intermedio,"cadera, piernas, core","estiramiento, movilidad, flexibilidad",suelo,t,esterilla,"rodillas, cadera","flexibilidad, movilidad, postura","Estiramiento en posición de rodilla para elongar los músculos flexores de la cadera izquierda, mejorando la movilidad y reduciendo la tensión lumbar.",ia,f,2026-01-05 21:37:16.120049
107,Kneeling_Hip_Flexor_Stretch_Right.mov,Estiramiento de Flexor de Cadera Derecho en Rodilla,intermedio,"piernas, cadera, core","estiramiento, movilidad, flexibilidad",suelo,t,"esterilla, cojin","rodillas, cadera","movilidad, flexibilidad, postura","Estiramiento profundo del flexor de cadera derecho desde posición de rodilla adelantada, mejorando movilidad y postura.",ia,f,2026-01-05 21:37:31.319366
108,Lateral_Burpees.mov,Burpees Laterales,avanzado,"piernas, core, brazos, hombros, gluteos, pecho","cardio, fuerza, equilibrio, estabilidad",de_pie,f,,"espalda, rodillas, hombros, munecas, cuello, cadera","fuerza, equilibrio, confianza","Ejercicio de alta intensidad que combina sentadilla, plancha y salto lateral, trabajando todo el cuerpo con movimiento cardiovascular intenso.",ia,f,2026-01-05 21:37:44.999225
109,Lateral_Jump_Touchdown.mov,Salto Lateral con Toque al Suelo,avanzado,"piernas, gluteos, core, equilibrio","cardio, fuerza, equilibrio, estabilidad",de_pie,f,,"rodillas, cadera, espalda, equilibrio","fuerza, equilibrio, cardio, confianza",Salto lateral de una pierna a otra con descenso controlado para tocar el suelo con la mano.,ia,f,2026-01-05 21:37:59.842102
110,Lateral_Jumps.mov,Saltos Laterales,avanzado,"piernas, gluteos, core","cardio, fuerza, equilibrio",de_pie,f,,"rodillas, cadera, espalda","fuerza, equilibrio, confianza",Saltos explosivos de lado a lado que mejoran la potencia y agilidad de las piernas.,ia,f,2026-01-05 21:38:13.261873
111,Lay-Down_Push-ups_and_Tuck_Jumps.mov,Flexiones Acostadas y Saltos con Rodillas al Pecho,avanzado,"pecho, brazos, hombros, core, piernas, gluteos","fuerza, cardio, estabilidad",suelo,t,esterilla,"espalda, rodillas, hombros, munecas, cuello, cadera","fuerza, confianza",Ejercicio de alta intensidad que combina flexiones desde posición tumbada con saltos explosivos llevando las rodillas al pecho.,ia,f,2026-01-05 21:38:26.169237
112,Lay-Down_Snap_Jumps.mov,Saltos Snap Tumbado,avanzado,"piernas, core, gluteos, espalda","cardio, fuerza, estabilidad",tumbado,f,esterilla,"espalda, rodillas, cadera, cuello","fuerza, confianza","Ejercicio explosivo que combina posición tumbada con saltos verticales, requiriendo levantarse rápidamente del suelo.",ia,f,2026-01-05 21:38:38.66091
113,Lay_Down_Push-ups.mov,Flexiones tumbado,avanzado,"brazos, hombros, pecho, core","fuerza, estabilidad",tumbado,t,esterilla,"hombros, munecas, espalda, cuello","fuerza, estabilidad, postura","Flexiones de brazos realizadas desde posición boca abajo en el suelo, ejercicio de fuerza para tren superior.",ia,f,2026-01-05 21:38:52.508714
114,Leg_Raise_Crunch.mov,Elevación de Piernas con Crunch Abdominal,avanzado,"core, piernas","fuerza, estabilidad",tumbado,t,esterilla,"espalda, cuello, cadera","fuerza, estabilidad, postura",Ejercicio avanzado que combina elevación de piernas con contracción abdominal simultánea estando tumbado boca arriba.,ia,f,2026-01-05 21:39:05.899113
115,Leg_Raises.mov,Elevaciones de pierna,intermedio,"piernas, core, gluteos","fuerza, estabilidad, equilibrio",tumbado,t,esterilla,"espalda, cadera","fuerza, estabilidad, postura",Ejercicio tumbado boca arriba que consiste en elevar las piernas manteniendo la espalda apoyada en el suelo.,ia,f,2026-01-05 21:39:19.775352
116,Low_Plank.mov,Plancha Baja,avanzado,"core, brazos, hombros, espalda, gluteos","fuerza, estabilidad",suelo,t,esterilla,"espalda, hombros, munecas, cuello","fuerza, estabilidad, postura","Ejercicio isométrico en posición horizontal apoyado sobre antebrazos y pies, manteniendo el cuerpo recto y elevado del suelo.",ia,f,2026-01-05 21:39:35.233051
117,Low_Plank_Arm_Reaches.mov,Plancha Baja con Alcances de Brazo,avanzado,"core, brazos, hombros, espalda","fuerza, estabilidad, equilibrio",suelo,t,esterilla,"espalda, hombros, munecas, cuello","fuerza, estabilidad, postura",Ejercicio de plancha sobre antebrazos alternando extensiones de brazos al frente para trabajar core y estabilidad.,ia,f,2026-01-05 21:39:50.332041
118,Low_Plank_Crunches.mov,Abdominales en Plancha Baja,avanzado,"core, brazos, hombros, espalda","fuerza, estabilidad",suelo,t,esterilla,"espalda, hombros, munecas, cuello","fuerza, estabilidad, postura",Ejercicio avanzado que combina la posición de plancha sobre antebrazos con movimientos de contracción abdominal.,ia,f,2026-01-05 21:40:02.753742
119,Low_Plank_Knee_Crosses.mov,Plancha Baja con Cruces de Rodilla,avanzado,"core, hombros, brazos, cadera","fuerza, estabilidad, movilidad",cuadrupedia,t,esterilla,"espalda, hombros, munecas, cuello, rodillas","fuerza, estabilidad, movilidad",Ejercicio avanzado de core en posición de plancha baja llevando las rodillas en cruce hacia el codo opuesto.,ia,f,2026-01-05 21:40:17.25243
120,Low_Plank_Knee_Drops.mov,Plancha Baja con Descenso de Rodillas,avanzado,"core, brazos, hombros, espalda","fuerza, estabilidad",cuadrupedia,t,esterilla,"espalda, hombros, munecas, cuello, rodillas","fuerza, estabilidad, postura",Ejercicio de plancha sobre antebrazos con movimiento controlado de rodillas hacia el suelo para fortalecer el core.,ia,f,2026-01-05 21:40:30.07308
121,Low_Plank_Knee_to_Elbow.mov,Plancha Baja con Rodilla al Codo,avanzado,"core, brazos, hombros, espalda","fuerza, estabilidad, cardio",cuadrupedia,t,esterilla,"espalda, hombros, munecas, cuello, rodillas","fuerza, estabilidad, confianza","Ejercicio de plancha en antebrazos llevando alternadamente la rodilla hacia el codo del mismo lado, fortaleciendo el core y la parte superior del cuerpo.",ia,f,2026-01-05 21:40:43.756344
122,Low_Plank_Twists.mov,Giros en Plancha Baja,avanzado,"core, brazos, hombros, espalda","fuerza, estabilidad, movilidad",suelo,t,esterilla,"espalda, hombros, munecas, cuello","fuerza, estabilidad, movilidad",Ejercicio avanzado de core que combina la plancha sobre antebrazos con rotaciones del torso de lado a lado.,ia,f,2026-01-05 21:40:58.416982
123,Low_Side_Plank_Left.mov,Plancha Lateral Baja Izquierda,intermedio,"core, brazos, hombros, gluteos","fuerza, estabilidad, equilibrio",suelo,t,esterilla,"hombros, munecas, espalda, cuello","fuerza, estabilidad, postura, equilibrio","Plancha lateral modificada apoyando el antebrazo y rodilla, trabajando el lado izquierdo del cuerpo para fortalecer el core lateral.",ia,f,2026-01-05 21:41:14.086036
124,Low_Side_Plank_Leg_Lifts_Left.mov,Elevaciones de Pierna en Plancha Lateral Baja (Izquierda),avanzado,"core, gluteos, piernas, hombros, brazos","fuerza, estabilidad, equilibrio",suelo,t,esterilla,"hombros, munecas, espalda, cuello, cadera","fuerza, estabilidad, equilibrio, postura","Plancha lateral apoyando antebrazo y rodilla, elevando la pierna superior de forma controlada.",ia,f,2026-01-05 21:41:28.823473
125,Low_Side_Plank_Leg_Lifts_Right.mov,Elevaciones de Pierna en Plancha Lateral Baja (Derecha),avanzado,"core, gluteos, piernas, hombros, brazos","fuerza, estabilidad, equilibrio",suelo,t,esterilla,"hombros, munecas, espalda, cadera","fuerza, estabilidad, equilibrio, postura","Plancha lateral baja apoyada sobre antebrazo y rodilla, elevando la pierna superior extendida hacia arriba de forma controlada.",ia,f,2026-01-05 21:41:44.002376
126,Low_Side_Plank_Right.mov,Plancha Lateral Baja (Lado Derecho),intermedio,"core, hombros, brazos, gluteos","fuerza, estabilidad, equilibrio",suelo,t,esterilla,"hombros, munecas, espalda, cadera","fuerza, estabilidad, postura, equilibrio","Ejercicio de fortalecimiento del core en posición lateral sobre el antebrazo derecho, manteniendo el cuerpo alineado con apoyo de rodillas.",ia,f,2026-01-05 21:41:59.86687
127,Low_Squat_Jacks.mov,Sentadillas con Saltos Bajos,avanzado,"piernas, gluteos, core","cardio, fuerza, equilibrio",de_pie,f,,"rodillas, cadera, espalda","fuerza, equilibrio, confianza",Ejercicio cardiovascular que combina sentadillas bajas con saltos laterales alternos de bajo impacto.,ia,f,2026-01-05 21:42:14.992261
128,Lunge_High_Knee_Jumps_Left.mov,Saltos con Zancada y Rodilla Alta Izquierda,avanzado,"piernas, gluteos, core","cardio, fuerza, equilibrio",de_pie,f,,"rodillas, cadera, espalda","fuerza, equilibrio, cardio",Ejercicio de alto impacto que combina zancadas con saltos explosivos y elevación de rodilla en la pierna izquierda.,ia,f,2026-01-05 21:42:28.559531
129,Lunge_High_Knee_Jumps_Right.mov,Saltos de Zancada con Rodilla Alta Derecha,avanzado,"piernas, gluteos, core","cardio, fuerza, equilibrio",de_pie,f,,"rodillas, cadera, espalda","fuerza, equilibrio, confianza","Ejercicio pliométrico que combina una zancada explosiva con elevación de rodilla alta del lado derecho, requiriendo potencia y coordinación avanzada.",ia,f,2026-01-05 21:42:41.320521
130,Lunge_and_Twist_Left.mov,Estocada con Rotación de Tronco Izquierda,avanzado,"piernas, core, gluteos, espalda","fuerza, equilibrio, movilidad, estabilidad",de_pie,f,,"rodillas, cadera, espalda","fuerza, equilibrio, movilidad, confianza, postura",Ejercicio de estocada con rotación del torso hacia la izquierda que combina fuerza de piernas y movilidad del tronco.,ia,f,2026-01-05 21:42:56.746445
131,Lunge_and_Twist_Right.mov,Zancada con Giro hacia la Derecha,avanzado,"piernas, core, gluteos, espalda","fuerza, equilibrio, movilidad, estabilidad",de_pie,f,,"rodillas, cadera, espalda","fuerza, equilibrio, movilidad, confianza, postura","Ejercicio que combina una zancada o estocada con rotación del torso hacia la derecha, trabajando piernas, glúteos y core simultáneamente.",ia,f,2026-01-05 21:43:13.810117
132,Lunge_to_Front_Kick_Left.mov,Estocada con Patada Frontal (Pierna Izquierda),avanzado,"piernas, gluteos, core, cadera","fuerza, equilibrio, cardio, estabilidad",de_pie,f,,"rodillas, cadera, espalda","fuerza, equilibrio, confianza, movilidad","Ejercicio dinámico que combina una estocada con una patada frontal con la pierna izquierda, mejorando fuerza y equilibrio.",ia,f,2026-01-05 21:43:28.567464
133,Lunge_to_Front_Kick_Right.mov,Zancada con Patada Frontal Derecha,avanzado,"piernas, gluteos, core","fuerza, equilibrio, cardio, estabilidad",de_pie,f,,"rodillas, cadera, espalda","fuerza, equilibrio, movilidad, confianza","Ejercicio dinámico que combina una zancada hacia atrás con una patada frontal explosiva con la pierna derecha, trabajando fuerza y equilibrio.",ia,f,2026-01-05 21:43:43.287344
134,Lunge_to_High_Knee_Left.mov,Zancada a Rodilla Alta (Izquierda),avanzado,"piernas, gluteos, core","fuerza, equilibrio, cardio, estabilidad",de_pie,f,,"rodillas, cadera, espalda","fuerza, equilibrio, confianza, movilidad","Ejercicio dinámico que combina una zancada hacia atrás con elevación de rodilla izquierda, trabajando fuerza y equilibrio unilateral.",ia,f,2026-01-05 21:43:56.96476
135,Lunge_to_High_Knee_Right.mov,Zancada a Rodilla Alta Derecha,avanzado,"piernas, gluteos, core","fuerza, equilibrio, cardio, estabilidad",de_pie,f,,"rodillas, cadera, espalda","fuerza, equilibrio, movilidad, confianza","Ejercicio dinámico que combina una zancada con elevación explosiva de rodilla derecha, trabajando fuerza y equilibrio unilateral.",ia,f,2026-01-05 21:44:11.454698
136,Marching_Wall_Sit.mov,Sentadilla en Pared con Marcha,avanzado,"piernas, core, gluteos","fuerza, equilibrio, estabilidad",de_pie,t,pared,"rodillas, espalda, cadera","fuerza, equilibrio, estabilidad",Ejercicio que combina sentadilla isométrica contra pared mientras se alternan las piernas levantándolas como si marchara.,ia,f,2026-01-05 21:44:27.941697
137,Modified_Half_Burpees.mov,Medios Burpees Modificados,intermedio,"piernas, core, brazos, hombros, gluteos","cardio, fuerza, estabilidad",de_pie,f,,"espalda, rodillas, munecas, hombros, cadera","fuerza, movilidad, confianza",Versión adaptada del burpee tradicional que reduce el impacto eliminando el salto y modificando la bajada al suelo.,ia,f,2026-01-05 21:44:45.202529
138,Mountain_Climbers.mov,Escaladores de Montaña,avanzado,"core, brazos, hombros, piernas, gluteos","cardio, fuerza, estabilidad",cuadrupedia,f,esterilla,"espalda, rodillas, hombros, munecas, cadera","fuerza, movilidad","Ejercicio cardiovascular intenso que simula escalar una montaña desde posición de plancha, alternando rodillas al pecho.",ia,f,2026-01-05 21:44:59.58169
139,Narrow_Burpees.mov,Burpees Estrechos,avanzado,"piernas, core, brazos, pecho, hombros, gluteos","cardio, fuerza, estabilidad",de_pie,f,,"espalda, rodillas, hombros, munecas, cuello, cadera","fuerza, cardio, estabilidad","Ejercicio de alta intensidad que combina flexión, plancha y salto con posición estrecha de pies, demandando gran resistencia cardiovascular y fuerza de todo el cuerpo.",ia,f,2026-01-05 21:45:14.608253
140,Narrow_Knee_Push-ups.mov,Flexiones de rodillas juntas,avanzado,"brazos, pecho, hombros, core","fuerza, estabilidad",suelo,t,esterilla,"hombros, munecas, espalda, cuello","fuerza, estabilidad, postura",Flexiones con las rodillas apoyadas en el suelo y las manos en posición estrecha para trabajar tríceps y pecho de forma intensa.,ia,f,2026-01-05 21:45:28.970124
141,Narrow_Push-ups.mov,Flexiones Cerradas o Diamante,avanzado,"brazos, pecho, hombros, core","fuerza, estabilidad",suelo,f,esterilla,"munecas, hombros, espalda, cuello","fuerza, estabilidad, postura","Flexiones con las manos juntas bajo el pecho, incrementando la intensidad en tríceps y pecho interno.",ia,f,2026-01-05 21:45:43.625594
142,Narrow_Squats.mov,Sentadillas con Pies Juntos,intermedio,"piernas, gluteos, core","fuerza, equilibrio, estabilidad",de_pie,f,,"rodillas, cadera, espalda","fuerza, equilibrio, estabilidad, confianza","Sentadillas realizadas con los pies más juntos de lo habitual, aumentando el desafío de equilibrio y fortaleciendo cuádriceps y glúteos.",ia,f,2026-01-05 21:46:00.465878
143,Narrow_to_Wide_Push-ups.mov,Flexiones de Brazos Estrechas a Anchas,avanzado,"brazos, pecho, hombros, core","fuerza, estabilidad",suelo,f,esterilla,"hombros, munecas, espalda, cuello","fuerza, estabilidad, postura",Flexiones alternando posición de manos estrecha y ancha para trabajar diferentes grupos musculares del tren superior.,ia,f,2026-01-05 21:46:14.950964
144,Oblique_Crunch_Left.mov,Crunch Oblicuo Izquierdo,intermedio,core,"fuerza, estabilidad",tumbado,t,esterilla,"espalda, cuello","fuerza, postura, flexibilidad",Ejercicio abdominal tumbado que trabaja los músculos oblicuos del lado izquierdo mediante una flexión lateral del tronco.,ia,f,2026-01-05 21:46:28.462736
145,Oblique_Crunch_Right.mov,Crunch Oblicuo Derecho,intermedio,core,"fuerza, estabilidad",tumbado,t,esterilla,"espalda, cuello","fuerza, postura, flexibilidad",Ejercicio abdominal tumbado que trabaja los músculos oblicuos del lado derecho mediante una flexión lateral del tronco.,ia,f,2026-01-05 21:46:41.267065
146,Overhead_Squats.mov,Sentadillas con Brazos Elevados,avanzado,"piernas, core, hombros, gluteos, espalda","fuerza, equilibrio, estabilidad, movilidad",de_pie,f,,"rodillas, hombros, espalda, cadera","fuerza, equilibrio, movilidad, postura, estabilidad","Sentadilla profunda manteniendo los brazos completamente extendidos por encima de la cabeza, requiere gran movilidad y fuerza.",ia,f,2026-01-05 21:46:55.994337
147,Overhead_Triceps_Stretch_Left.mov,Estiramiento de Tríceps por Encima de la Cabeza (Izquierdo),iniciacion,"brazos, hombros","estiramiento, movilidad",de_pie,f,,"hombros, cuello","flexibilidad, movilidad",Estiramiento del músculo tríceps del brazo izquierdo elevando el brazo por encima de la cabeza y flexionando el codo.,ia,f,2026-01-05 21:47:09.753219
148,Overhead_Triceps_Stretch_Right.mov,Estiramiento de Tríceps por Encima de la Cabeza (Derecho),iniciacion,"brazos, hombros","estiramiento, movilidad",de_pie,f,,"hombros, cuello","flexibilidad, movilidad",Estiramiento suave del tríceps derecho elevando el brazo y llevando la mano hacia la espalda alta.,ia,f,2026-01-05 21:47:22.115502
149,Pendulum_Lunges_Left.mov,Zancadas Pendulares Izquierda,intermedio,"piernas, gluteos, core","fuerza, equilibrio, estabilidad",de_pie,f,,"rodillas, cadera, espalda","fuerza, equilibrio, confianza, movilidad","Zancadas dinámicas con movimiento de péndulo hacia adelante y atrás con la pierna izquierda, manteniendo el equilibrio sobre la pierna derecha.",ia,f,2026-01-05 21:47:36.970959
150,Pendulum_Lunges_Right.mov,Zancadas Péndulo Derecha,intermedio,"piernas, gluteos, core","fuerza, equilibrio, estabilidad",de_pie,f,,"rodillas, cadera, espalda","fuerza, equilibrio, confianza, movilidad",Zancadas dinámicas alternando hacia adelante y atrás con la pierna derecha en movimiento continuo tipo péndulo.,ia,f,2026-01-05 21:47:49.993505
151,Pike_Push-ups.mov,Flexiones Pike,avanzado,"hombros, brazos, core, espalda","fuerza, estabilidad",suelo,f,esterilla,"hombros, munecas, espalda, cuello, rodillas","fuerza, estabilidad, postura",Flexión avanzada en posición de V invertida que trabaja intensamente hombros y brazos con el peso corporal.,ia,f,2026-01-05 21:48:04.780017
152,Pivot_Lunges.mov,Zancadas con Giro,avanzado,"piernas, gluteos, core, cadera","fuerza, equilibrio, estabilidad, movilidad",de_pie,f,,"rodillas, cadera, espalda","fuerza, equilibrio, movilidad, confianza","Zancada hacia adelante con rotación del torso, combinando fuerza de piernas con control del core y equilibrio dinámico.",ia,f,2026-01-05 21:48:20.25249
153,Plank_Leg_Raises.mov,Elevaciones de Pierna en Plancha,avanzado,"core, brazos, hombros, gluteos, piernas, espalda","fuerza, estabilidad",cuadrupedia,t,esterilla,"espalda, hombros, munecas, cuello","fuerza, estabilidad, postura",Ejercicio avanzado que combina la posición de plancha con elevaciones alternadas de piernas para fortalecer todo el core y mejorar la estabilidad.,ia,f,2026-01-05 21:48:37.077235
154,Plank_and_Shoulder_Tap.mov,Plancha con Toque de Hombro,avanzado,"core, brazos, hombros, pecho, espalda","fuerza, estabilidad, equilibrio",cuadrupedia,t,esterilla,"espalda, hombros, munecas, cuello","fuerza, estabilidad, equilibrio, postura",Ejercicio avanzado de plancha donde se mantiene la posición mientras se tocan alternativamente los hombros opuestos con las manos.,ia,f,2026-01-05 21:48:51.379807
155,Plank_to_Down_Dog.mov,Plancha a Perro Boca Abajo,avanzado,"core, brazos, hombros, espalda, piernas","fuerza, movilidad, estabilidad, estiramiento",suelo,t,esterilla,"espalda, hombros, munecas, cuello","fuerza, flexibilidad, movilidad, postura","Transición dinámica desde posición de plancha hasta perro boca abajo, combinando fuerza y estiramiento de todo el cuerpo.",ia,f,2026-01-05 21:49:06.268633
156,Plie_Jump_Squats.mov,Sentadillas con Salto en Plié,avanzado,"piernas, gluteos, core","fuerza, cardio, equilibrio",de_pie,f,,"rodillas, cadera, espalda","fuerza, equilibrio, confianza","Sentadilla con piernas abiertas y pies hacia afuera que incluye un salto explosivo, ejercicio de alto impacto para fortalecimiento de piernas.",ia,f,2026-01-05 21:49:21.912097
157,Plie_Squats.mov,Sentadillas Plié,intermedio,"piernas, gluteos, core, cadera","fuerza, equilibrio, movilidad",de_pie,f,,"rodillas, cadera, espalda","fuerza, equilibrio, movilidad, confianza","Sentadilla con piernas abiertas y pies hacia afuera que fortalece muslos internos, glúteos y mejora el equilibrio.",ia,f,2026-01-05 21:49:38.41279
158,Plyo_Push-ups.mov,Flexiones Pliométricas,avanzado,"brazos, pecho, hombros, core","fuerza, cardio",suelo,f,,"espalda, hombros, munecas, cuello",fuerza,"Flexiones explosivas donde las manos despegan del suelo en cada repetición, ejercicio de alta intensidad para tren superior.",ia,f,2026-01-05 21:49:51.32706
159,Pogo_Jumps.mov,Saltos Pogo,avanzado,"piernas, gluteos, core","cardio, fuerza, equilibrio",de_pie,f,,"rodillas, cadera, espalda, cuello","fuerza, equilibrio, confianza","Saltos continuos sobre las puntas de los pies manteniendo las piernas relativamente rectas, simulando el movimiento de un pogo stick.",ia,f,2026-01-05 21:50:05.4586
160,Power_Knees_Left.mov,Rodillas Potentes Izquierda,intermedio,"piernas, core, gluteos","fuerza, equilibrio, cardio",de_pie,f,,"rodillas, cadera, espalda","fuerza, equilibrio, confianza, movilidad","Elevación enérgica de la rodilla izquierda hacia el pecho, trabajando fuerza de piernas y equilibrio sobre la pierna derecha.",ia,f,2026-01-05 21:50:19.179516
161,Power_Knees_Right.mov,Rodillas Potentes Derecha,intermedio,"piernas, core, gluteos","fuerza, equilibrio, cardio",de_pie,f,,"rodillas, cadera, espalda","fuerza, equilibrio, movilidad, confianza",Ejercicio unilateral que consiste en elevar enérgicamente la rodilla derecha hacia el pecho mientras se mantiene el equilibrio sobre la pierna izquierda.,ia,f,2026-01-05 21:50:32.705869
162,Prisoner_Squats.mov,Sentadillas con Manos en la Nuca,intermedio,"piernas, gluteos, core","fuerza, equilibrio, estabilidad",de_pie,f,,"rodillas, cadera, espalda","fuerza, equilibrio, movilidad, confianza","Sentadilla de pie con las manos entrelazadas detrás de la cabeza, fortaleciendo piernas y glúteos mientras se mantiene el equilibrio.",ia,f,2026-01-05 21:50:48.257109
163,Prone_X.mov,X Prona,avanzado,"espalda, hombros, core, gluteos","fuerza, estabilidad",tumbado,t,esterilla,"espalda, hombros, cuello","fuerza, postura, estabilidad",Ejercicio en posición boca abajo que fortalece la espalda alta y hombros mediante elevación de brazos en forma de X.,ia,f,2026-01-05 21:51:02.811728
164,Pulsing_High_Knees.mov,Rodillas Altas con Pulsaciones,avanzado,"piernas, core, gluteos","cardio, fuerza, equilibrio",de_pie,f,,"rodillas, cadera, espalda","fuerza, equilibrio, movilidad",Ejercicio cardiovascular de alto impacto que consiste en elevar las rodillas alternadamente hacia el pecho con pequeñas pulsaciones en posición elevada.,ia,f,2026-01-05 21:51:17.336598
165,Pulsing_Squats.mov,Sentadillas con Pulsos,intermedio,"piernas, gluteos, core","fuerza, estabilidad",de_pie,f,,"rodillas, cadera, espalda","fuerza, equilibrio, confianza",Sentadillas con pequeños rebotes manteniendo la posición baja para incrementar la intensidad muscular en piernas y glúteos.,ia,f,2026-01-05 21:51:32.070598
166,Punches.mov,Golpes de Boxeo,intermedio,"brazos, hombros, core, pecho","cardio, fuerza, movilidad",de_pie,f,,"hombros, espalda, cuello","fuerza, movilidad, confianza, postura",Movimientos de puñetazos alternados hacia adelante que mejoran la fuerza del tren superior y la coordinación cardiovascular.,ia,f,2026-01-05 21:51:47.34277
167,Push-up_Shoulder_Tap.mov,Flexión con Toque de Hombro,avanzado,"brazos, hombros, pecho, core, espalda","fuerza, estabilidad, equilibrio",cuadrupedia,f,esterilla,"hombros, munecas, espalda, cuello","fuerza, estabilidad, equilibrio, confianza","Flexión de brazos en posición de plancha con toques alternados al hombro opuesto, manteniendo estabilidad del core.",ia,f,2026-01-05 21:52:03.33536
168,Push-up_Side_Plank_Left.mov,Plancha Lateral Izquierda con Flexión,avanzado,"core, brazos, hombros, pecho","fuerza, estabilidad, equilibrio",suelo,t,esterilla,"hombros, munecas, espalda, cuello","fuerza, estabilidad, equilibrio","Combinación avanzada de flexión de brazos seguida de una plancha lateral sobre el lado izquierdo, manteniendo el cuerpo alineado.",ia,f,2026-01-05 21:52:18.799015
169,Push-up_Side_Plank_Right.mov,Plancha lateral derecha con flexión,avanzado,"core, brazos, hombros, pecho","fuerza, estabilidad, equilibrio",suelo,t,esterilla,"hombros, munecas, espalda, cuello","fuerza, estabilidad, equilibrio","Ejercicio avanzado que combina flexión de brazos con plancha lateral derecha, trabajando intensamente el core y la parte superior del cuerpo.",ia,f,2026-01-05 21:52:34.752978
170,Push-ups.mov,Flexiones de pecho,avanzado,"pecho, brazos, hombros, core","fuerza, estabilidad",suelo,f,esterilla,"hombros, munecas, espalda, cuello","fuerza, estabilidad, postura","Ejercicio de fuerza del tren superior que trabaja pecho, brazos y hombros mediante el descenso y elevación del cuerpo con apoyo en manos y pies.",ia,f,2026-01-05 21:52:50.833746
171,Quick_Feet.mov,Pies Rápidos,intermedio,"piernas, core","cardio, equilibrio, estabilidad",de_pie,f,,"rodillas, cadera, espalda","equilibrio, confianza, movilidad",Ejercicio cardiovascular de movimiento rápido alternado de pies en el sitio para mejorar agilidad y coordinación.,ia,f,2026-01-05 21:53:03.516182
172,Reverse_Crunches.mov,Abdominales Invertidos,avanzado,"core, cadera","fuerza, estabilidad",tumbado,t,esterilla,"espalda, cuello, cadera","fuerza, estabilidad","Ejercicio abdominal tumbado que consiste en elevar las caderas y rodillas hacia el pecho, trabajando intensamente el abdomen inferior.",ia,f,2026-01-05 21:53:17.966079
173,Reverse_Plank.mov,Plancha Invertida,avanzado,"core, brazos, espalda, hombros, gluteos","fuerza, estabilidad",suelo,t,esterilla,"espalda, hombros, munecas, cuello","fuerza, postura, estabilidad","Ejercicio de fuerza en el que el cuerpo se sostiene mirando hacia arriba con apoyo en manos y talones, formando una línea recta.",ia,f,2026-01-05 21:53:32.082395
174,Rockstars.mov,Rockstars (Estrellas de Rock),intermedio,"core, brazos, hombros, piernas","movilidad, equilibrio, cardio, fuerza",de_pie,f,,"hombros, espalda, cuello, rodillas","movilidad, equilibrio, confianza, fuerza","Ejercicio dinámico que combina movimientos de brazos amplios tipo estrella con apertura de piernas, imitando poses energéticas de estrella de rock.",ia,f,2026-01-05 21:53:46.789058
175,Russian_Twist_Easy.mov,Giro Ruso Fácil,intermedio,"core, espalda","fuerza, estabilidad, movilidad",sentado,f,silla,"espalda, cuello, cadera","fuerza, estabilidad, movilidad, postura",Ejercicio de rotación del torso sentado que fortalece los músculos abdominales oblicuos y mejora la movilidad de la columna.,ia,f,2026-01-05 21:54:01.40844
176,Russian_Twists_Hard.mov,Giros Rusos Difíciles,avanzado,"core, espalda","fuerza, estabilidad",suelo,f,esterilla,"espalda, cuello, cadera","fuerza, estabilidad","Ejercicio avanzado de rotación del torso en posición V sentada, trabajando intensamente los músculos abdominales oblicuos y el core.",ia,f,2026-01-05 21:54:16.637289
177,Scissor_Abs.mov,Tijeras Abdominales,avanzado,"core, piernas","fuerza, estabilidad",tumbado,t,esterilla,"espalda, cuello, cadera","fuerza, estabilidad",Ejercicio abdominal intenso tumbado boca arriba con movimiento alternado de piernas en el aire simulando tijeras.,ia,f,2026-01-05 21:54:30.477311
178,Scissor_Kicks.mov,Tijeras,avanzado,"core, piernas, gluteos","fuerza, estabilidad, cardio",tumbado,t,esterilla,"espalda, cadera, cuello","fuerza, flexibilidad",Ejercicio abdominal intenso donde se alternan movimientos de piernas en tijera mientras se está tumbado boca arriba.,ia,f,2026-01-05 21:54:44.297061
179,Shoulder_Cross_Stretch_Left.mov,Estiramiento Cruzado de Hombro Izquierdo,iniciacion,"hombros, espalda","estiramiento, movilidad",de_pie,f,,hombros,"movilidad, flexibilidad, postura",Estiramiento del hombro izquierdo llevando el brazo cruzado sobre el pecho con ayuda del brazo contrario.,ia,f,2026-01-05 21:54:57.500465
180,Shoulder_Cross_Stretch_Right.mov,Estiramiento Cruzado de Hombro Derecho,iniciacion,"hombros, espalda","estiramiento, movilidad",de_pie,f,,hombros,"movilidad, flexibilidad, postura",Estiramiento suave del hombro derecho llevando el brazo cruzado sobre el pecho con ayuda del brazo contrario.,ia,f,2026-01-05 21:55:10.620777
181,Side_Kicks.mov,Patadas Laterales,intermedio,"piernas, gluteos, core, cadera","fuerza, equilibrio, movilidad",de_pie,f,silla,"cadera, rodillas","fuerza, equilibrio, movilidad",Ejercicio de pie que consiste en elevar la pierna hacia un lado de forma controlada para fortalecer abductores y mejorar el equilibrio.,ia,f,2026-01-05 21:55:25.784073
182,Side_Lunge_Touchdown.mov,Zancada Lateral con Toque al Suelo,avanzado,"piernas, gluteos, core, cadera","fuerza, equilibrio, movilidad, estabilidad",de_pie,f,,"rodillas, cadera, espalda","fuerza, equilibrio, movilidad, flexibilidad","Zancada lateral amplia llevando la mano hacia el suelo del lado de la pierna flexionada, trabajando fuerza, equilibrio y movilidad de cadera.",ia,f,2026-01-05 21:55:42.760092
183,Side_Lunges_Left.mov,Zancadas laterales izquierda,intermedio,"piernas, gluteos, core, cadera","fuerza, equilibrio, movilidad",de_pie,f,,"rodillas, cadera","fuerza, equilibrio, movilidad, confianza","Zancada lateral hacia el lado izquierdo para fortalecer piernas, glúteos y mejorar el equilibrio lateral.",ia,f,2026-01-05 21:56:02.337093
184,Side_Lunges_Right.mov,Zancadas laterales derecha,intermedio,"piernas, gluteos, core, cadera","fuerza, equilibrio, movilidad",de_pie,f,,"rodillas, cadera","fuerza, equilibrio, movilidad, estabilidad",Zancada lateral hacia el lado derecho que fortalece piernas y glúteos mientras mejora el equilibrio y la movilidad lateral.,ia,f,2026-01-05 21:56:18.156203
185,Side_Plank_Hip_Lifts_Left.mov,Elevaciones de cadera en plancha lateral izquierda,avanzado,"core, oblicuos, hombros, cadera, gluteos","fuerza, estabilidad, equilibrio",suelo,t,esterilla,"hombros, munecas, espalda, cuello, cadera","fuerza, estabilidad, equilibrio, postura","Ejercicio avanzado de core en posición de plancha lateral sobre el lado izquierdo, elevando y bajando la cadera de forma controlada.",ia,f,2026-01-05 21:56:33.246011
186,Side_Plank_Hip_Lifts_Right.mov,Elevaciones de Cadera en Plancha Lateral Derecha,avanzado,"core, gluteos, hombros, brazos","fuerza, estabilidad, equilibrio",suelo,t,esterilla,"hombros, munecas, espalda, cuello","fuerza, estabilidad, equilibrio, postura",Ejercicio avanzado de plancha lateral en el que se elevan y descienden las caderas manteniendo el cuerpo alineado sobre el lado derecho.,ia,f,2026-01-05 21:56:51.708655
187,Side_Plank_and_Oblique_Crunch_Left.mov,Plancha Lateral con Crunch Oblicuo Izquierdo,avanzado,"core, hombros, brazos, espalda","fuerza, estabilidad, equilibrio",suelo,t,esterilla,"espalda, hombros, munecas, cuello","fuerza, estabilidad, postura","Ejercicio avanzado de plancha lateral combinado con contracción de oblicuos del lado izquierdo, trabajando core y estabilidad.",ia,f,2026-01-05 21:57:05.917259
188,Side_Plank_and_Oblique_Crunch_Right.mov,Plancha Lateral con Crunch Oblicuo Derecho,avanzado,"core, hombros, brazos, oblicuos","fuerza, estabilidad",suelo,t,esterilla,"espalda, hombros, munecas, cuello","fuerza, estabilidad, postura","Ejercicio avanzado que combina plancha lateral con contracción de oblicuos del lado derecho, requiriendo fuerza significativa de core y hombro.",ia,f,2026-01-05 21:57:22.498289
189,Side_Star_Plank_Left.mov,Plancha Lateral Estrella Izquierda,avanzado,"core, brazos, hombros, gluteos, piernas","fuerza, equilibrio, estabilidad",suelo,t,esterilla,"hombros, munecas, espalda, cuello, cadera","fuerza, equilibrio, estabilidad, confianza",Plancha lateral avanzada apoyado sobre brazo izquierdo con pierna y brazo derecho elevados formando una estrella.,ia,f,2026-01-05 21:57:37.703142
190,Side_Star_Plank_Right.mov,Plancha Lateral Estrella Derecha,avanzado,"core, brazos, hombros, gluteos, piernas","fuerza, equilibrio, estabilidad",suelo,t,esterilla,"hombros, munecas, espalda, cadera, cuello","fuerza, equilibrio, estabilidad, confianza","Plancha lateral apoyada sobre brazo derecho con pierna y brazo superior elevados en forma de estrella, ejercicio avanzado de estabilidad del core.",ia,f,2026-01-05 21:57:53.917643
191,Side_to_Cursty_Lunge_Left.mov,Zancada lateral a reverencia izquierda,avanzado,"piernas, gluteos, core, cadera","fuerza, equilibrio, movilidad, estabilidad",de_pie,f,,"rodillas, cadera, espalda","fuerza, equilibrio, movilidad, confianza",Movimiento combinado que inicia con una zancada lateral hacia la izquierda y transiciona a una zancada en reverencia cruzando la pierna detrás.,ia,f,2026-01-05 21:58:10.011761
192,Side_to_Cursty_Lunge_Right.mov,Estocada lateral a reverencia derecha,avanzado,"piernas, gluteos, core, cadera","fuerza, equilibrio, movilidad, estabilidad",de_pie,f,,"rodillas, cadera, espalda","fuerza, equilibrio, movilidad, confianza","Ejercicio combinado que alterna entre una estocada lateral y una estocada en reverencia con la pierna derecha, trabajando fuerza y equilibrio en múltiples planos.",ia,f,2026-01-05 21:58:26.298024
193,Side_to_side_Push-ups.mov,Flexiones de lado a lado,avanzado,"brazos, pecho, hombros, core","fuerza, estabilidad",suelo,f,esterilla,"hombros, munecas, espalda, cuello","fuerza, estabilidad","Flexiones avanzadas donde se desplaza el peso del cuerpo lateralmente entre cada repetición, aumentando la intensidad en brazos y pecho.",ia,f,2026-01-05 21:58:41.693079
194,Single_Leg_Bridge_Left.mov,Puente de Glúteo con Pierna Izquierda Elevada,avanzado,"gluteos, piernas, core, espalda","fuerza, equilibrio, estabilidad",tumbado,f,esterilla,"espalda, cadera, rodillas, cuello","fuerza, equilibrio, estabilidad, movilidad","Ejercicio de puente de glúteo apoyando solo una pierna (la derecha), mientras la pierna izquierda permanece elevada, aumentando la intensidad del trabajo unilateral.",ia,f,2026-01-05 21:58:58.862661
195,Single_Leg_Bridge_Right.mov,Puente de glúteo con una pierna (derecha),avanzado,"gluteos, piernas, core, espalda","fuerza, estabilidad, equilibrio",tumbado,f,esterilla,"espalda, cadera, rodillas","fuerza, estabilidad, equilibrio, postura",Ejercicio tumbado boca arriba que consiste en elevar la cadera manteniendo solo la pierna derecha apoyada en el suelo.,ia,f,2026-01-05 21:59:13.339477
196,Single_Leg_Crab_Bridge_Left.mov,Puente de Cangrejo a Una Pierna (Izquierda),avanzado,"gluteos, core, brazos, hombros, piernas, espalda","fuerza, estabilidad, equilibrio",suelo,t,esterilla,"munecas, hombros, espalda, cadera, rodillas","fuerza, equilibrio, estabilidad, confianza","Posición invertida de puente apoyando manos y pies, elevando una pierna (izquierda) mientras se mantiene la cadera elevada.",ia,f,2026-01-05 21:59:29.986676
197,Single_Leg_Crab_Bridge_Right.mov,Puente de Cangrejo a Una Pierna (Derecha),avanzado,"gluteos, core, brazos, hombros, piernas, espalda","fuerza, equilibrio, estabilidad",suelo,t,esterilla,"munecas, hombros, espalda, cuello, cadera","fuerza, equilibrio, estabilidad, confianza","Posición de puente invertido apoyado en manos y pies, elevando una pierna (derecha) mientras se mantiene la cadera elevada.",ia,f,2026-01-05 21:59:46.112692
198,Single_Leg_Deadlift_Left.mov,Peso muerto a una pierna (pierna izquierda),avanzado,"piernas, gluteos, core, espalda","fuerza, equilibrio, estabilidad",de_pie,f,,"espalda, rodillas, cadera","fuerza, equilibrio, estabilidad, confianza",Ejercicio de equilibrio sobre una pierna con inclinación del tronco hacia adelante mientras se extiende la pierna derecha hacia atrás.,ia,f,2026-01-05 22:00:01.221623
199,Single_Leg_Deadlift_Right.mov,Peso muerto a una pierna derecha,avanzado,"piernas, gluteos, core, espalda","equilibrio, fuerza, estabilidad",de_pie,f,,"espalda, rodillas, cadera","equilibrio, fuerza, estabilidad, confianza","Ejercicio unilateral de equilibrio donde se inclina el tronco hacia adelante mientras se extiende la pierna izquierda hacia atrás, apoyándose solo en la pierna derecha.",ia,f,2026-01-05 22:00:16.400209
200,Single_Leg_Push-ups_Left.mov,Flexiones a una pierna (izquierda),avanzado,"brazos, pecho, hombros, core, gluteos, piernas","fuerza, equilibrio, estabilidad",suelo,f,,"espalda, hombros, munecas, cuello","fuerza, equilibrio, estabilidad","Flexión de brazos en posición de plancha elevando la pierna izquierda, combinando fuerza de tren superior con estabilidad del core.",ia,f,2026-01-05 22:00:31.647002
201,Single_Leg_Push-ups_Right.mov,Flexiones a una pierna (pierna derecha),avanzado,"brazos, pecho, hombros, core, espalda, gluteos","fuerza, equilibrio, estabilidad",suelo,f,,"espalda, hombros, munecas, cuello","fuerza, equilibrio, estabilidad","Flexión de brazos avanzada manteniendo una pierna (derecha) elevada del suelo, requiere fuerza superior del cuerpo y estabilidad del core.",ia,f,2026-01-05 22:00:45.978102
202,Single_Leg_Reach_Left.mov,Alcance con Una Pierna Izquierda,intermedio,"piernas, core, gluteos","equilibrio, fuerza, estabilidad",de_pie,f,,"rodillas, cadera, espalda","equilibrio, fuerza, confianza, postura",Ejercicio de equilibrio donde se mantiene el apoyo en una pierna mientras se alcanza hacia adelante o hacia abajo con la pierna izquierda elevada.,ia,f,2026-01-05 22:01:00.307371
203,Single_Leg_Reach_Right.mov,Alcance con una pierna derecha,intermedio,"piernas, core, gluteos, espalda","equilibrio, fuerza, estabilidad, movilidad",de_pie,f,,"rodillas, cadera, espalda","equilibrio, fuerza, confianza, postura",Ejercicio de equilibrio en el que se mantiene el apoyo sobre la pierna izquierda mientras se extiende la pierna derecha hacia atrás y se inclina el tronco hacia adelante.,ia,f,2026-01-05 22:01:16.228413
204,Single_Leg_V-ups.mov,Elevaciones en V con una pierna,avanzado,"core, piernas","fuerza, estabilidad",tumbado,t,esterilla,"espalda, cuello, cadera","fuerza, estabilidad","Ejercicio abdominal intenso donde se eleva el torso y una pierna simultáneamente formando una V, manteniendo la otra pierna extendida.",ia,f,2026-01-05 22:01:30.518775
205,Single_Leg_X_Mountain_Climber_Left.mov,Escalador de Montaña con Pierna Cruzada (Izquierda),avanzado,"core, brazos, hombros, piernas","fuerza, cardio, estabilidad",cuadrupedia,f,esterilla,"munecas, hombros, espalda, rodillas","fuerza, equilibrio, confianza",Ejercicio avanzado en posición de plancha donde se lleva la rodilla izquierda cruzando hacia el codo derecho de forma dinámica.,ia,f,2026-01-05 22:01:46.162806
206,Single_Leg_X_Mountain_Climber_Right.mov,Escalador de Montaña con Pierna Cruzada Derecha,avanzado,"core, brazos, hombros, piernas, gluteos","fuerza, cardio, estabilidad",cuadrupedia,f,esterilla,"munecas, hombros, espalda, rodillas","fuerza, equilibrio, confianza",Ejercicio de alta intensidad en posición de plancha llevando la rodilla derecha cruzada hacia el codo opuesto.,ia,f,2026-01-05 22:02:01.475488
207,Sit-ups.mov,Abdominales,avanzado,"core, cuello",fuerza,tumbado,t,esterilla,"espalda, cuello",fuerza,Ejercicio intenso de fortalecimiento abdominal que implica elevar el tronco desde posición tumbada hasta sentarse completamente.,ia,f,2026-01-05 22:02:14.264083
208,Skier_Abs.mov,Esquiador Abdominal,intermedio,"core, piernas, hombros","fuerza, estabilidad, cardio",de_pie,f,,"espalda, rodillas, hombros","fuerza, equilibrio, postura",Ejercicio dinámico que simula el movimiento de esquí mientras activa el core y trabaja rotación de tronco.,ia,f,2026-01-05 22:02:29.091326
209,Skier_Jumps.mov,Saltos de Esquiador,avanzado,"piernas, core, gluteos","cardio, fuerza, equilibrio, estabilidad",de_pie,f,,"rodillas, cadera, espalda","fuerza, equilibrio, confianza","Ejercicio de saltos laterales que simula el movimiento de un esquiador, alternando el peso de lado a lado con pequeños saltos.",ia,f,2026-01-05 22:02:43.785456
210,Snap_Jump.mov,Salto con Chasquido,avanzado,"piernas, core, gluteos","cardio, fuerza, equilibrio",de_pie,f,,"rodillas, cadera, espalda","fuerza, equilibrio, confianza","Ejercicio de salto explosivo que combina un movimiento rápido de piernas con impulso vertical, diseñado para trabajar potencia y coordinación.",ia,f,2026-01-05 22:02:56.816362
211,Speed_Skaters.mov,Patinadores de Velocidad,intermedio,"piernas, core, gluteos, cadera","cardio, equilibrio, fuerza",de_pie,f,,"rodillas, cadera, equilibrio","equilibrio, fuerza, cardio, confianza","Ejercicio cardiovascular que simula el movimiento de patinaje lateral, saltando de un pie a otro mientras se mantiene el equilibrio.",ia,f,2026-01-05 22:03:12.397365
212,Spiderman.mov,Spiderman,avanzado,"core, brazos, hombros, piernas, pecho, espalda","fuerza, movilidad, estabilidad",cuadrupedia,f,esterilla,"espalda, rodillas, hombros, munecas, cadera","fuerza, movilidad, flexibilidad, estabilidad","Ejercicio dinámico en posición de plancha que alterna llevando una rodilla hacia el codo del mismo lado, imitando el movimiento de escalada de Spiderman.",ia,f,2026-01-05 22:03:27.864774
213,Squat_Jacks.mov,Sentadillas con Saltos Laterales,avanzado,"piernas, gluteos, core","cardio, fuerza, equilibrio",de_pie,f,,"rodillas, cadera, espalda","fuerza, equilibrio, confianza","Ejercicio dinámico que combina sentadillas con saltos laterales alternados, elevando la frecuencia cardíaca.",ia,f,2026-01-05 22:03:42.313733
214,Squat_Side_Kick.mov,Sentadilla con Patada Lateral,avanzado,"piernas, gluteos, core, cadera","fuerza, equilibrio, estabilidad",de_pie,f,,"rodillas, cadera, espalda","fuerza, equilibrio, movilidad, confianza","Combinación de sentadilla profunda seguida de una patada lateral, ejercicio dinámico que trabaja piernas, glúteos y equilibrio.",ia,f,2026-01-05 22:03:56.643551
215,Squat_Stars.mov,Sentadillas con Estrellas,intermedio,"piernas, gluteos, core, brazos, hombros","fuerza, cardio, equilibrio",de_pie,f,,"rodillas, cadera, espalda","fuerza, equilibrio, confianza, movilidad","Sentadilla combinada con apertura de brazos y piernas en forma de estrella al subir, ejercicio dinámico que trabaja todo el cuerpo.",ia,f,2026-01-05 22:04:10.874083
216,Squat_Touch_Down.mov,Sentadilla con Toque al Suelo,avanzado,"piernas, gluteos, core, espalda","fuerza, equilibrio, movilidad, estabilidad",de_pie,f,,"rodillas, espalda, cadera","fuerza, equilibrio, movilidad, flexibilidad","Sentadilla profunda con descenso controlado tocando el suelo con las manos, que requiere fuerza significativa en piernas y buena movilidad.",ia,f,2026-01-05 22:04:27.565454
217,Squat_and_X_Crunch.mov,Sentadilla con Cruce en X,avanzado,"piernas, core, gluteos, hombros","fuerza, cardio, equilibrio, estabilidad",de_pie,f,,"rodillas, espalda, cadera, hombros","fuerza, equilibrio, confianza","Ejercicio combinado que alterna sentadillas con abdominales de pie en movimiento cruzado, ideal para trabajar tren inferior y core simultáneamente.",ia,f,2026-01-05 22:04:42.522713
218,Squat_to_High_Knee.mov,Sentadilla con Elevación de Rodilla,avanzado,"piernas, core, gluteos","fuerza, equilibrio, cardio, estabilidad",de_pie,f,,"rodillas, cadera, espalda","fuerza, equilibrio, confianza, movilidad","Ejercicio dinámico que combina una sentadilla profunda con una elevación explosiva de rodilla, trabajando fuerza de piernas y equilibrio.",ia,f,2026-01-05 22:04:58.290808
219,Squats.mov,Sentadillas,intermedio,"piernas, gluteos, core","fuerza, equilibrio, estabilidad",de_pie,f,,"rodillas, cadera, espalda","fuerza, equilibrio, movilidad, confianza","Flexión controlada de rodillas y cadera bajando el cuerpo como si fueras a sentarte, manteniendo la espalda recta.",ia,f,2026-01-05 22:05:11.124871
220,Squatting_Quick_Feet.mov,Sentadillas con Pies Rápidos,avanzado,"piernas, gluteos, core","fuerza, cardio, equilibrio",de_pie,f,,"rodillas, cadera, espalda","fuerza, equilibrio, confianza","Ejercicio dinámico que combina sentadillas con movimientos rápidos de pies para mejorar fuerza, coordinación y resistencia cardiovascular.",ia,f,2026-01-05 22:05:25.115697
221,Standing_Quadriceps_Stretch_Left.mov,Estiramiento de Cuádriceps de Pie (Pierna Izquierda),intermedio,piernas,"estiramiento, equilibrio, flexibilidad",de_pie,f,pared,"rodillas, cadera","flexibilidad, movilidad, equilibrio","Estiramiento del músculo cuádriceps de la pierna izquierda manteniéndose de pie, flexionando la rodilla y llevando el talón hacia el glúteo.",ia,f,2026-01-05 22:05:39.492457
222,Standing_Quadriceps_Stretch_Right.mov,Estiramiento de Cuádriceps de Pie (Pierna Derecha),intermedio,piernas,"estiramiento, equilibrio, flexibilidad",de_pie,f,pared,"rodillas, cadera","flexibilidad, movilidad, equilibrio",Estiramiento del músculo cuádriceps de la pierna derecha manteniéndose de pie sobre la pierna izquierda.,ia,f,2026-01-05 22:05:55.056682
223,Star_Burpees.mov,Burpees en Estrella,avanzado,"piernas, core, brazos, espalda, hombros, gluteos, pecho","cardio, fuerza, estabilidad",de_pie,f,,"espalda, rodillas, hombros, munecas, cuello, cadera","fuerza, movilidad, equilibrio","Ejercicio de alta intensidad que combina flexión, plancha y salto en estrella, requiriendo coordinación y fuerza total del cuerpo.",ia,f,2026-01-05 22:06:13.762882
224,Star_Jacks.mov,Saltos de Estrella,avanzado,"piernas, brazos, hombros, gluteos, core","cardio, fuerza, equilibrio",de_pie,f,,"rodillas, cadera, hombros, espalda","fuerza, equilibrio, confianza","Ejercicio de salto con apertura y cierre simultáneo de piernas y brazos, similar a jumping jacks pero con movimiento de estrella.",ia,f,2026-01-05 22:06:29.38916
225,Star_Push-ups.mov,Flexiones en Estrella,avanzado,"brazos, hombros, pecho, core, espalda","fuerza, estabilidad, equilibrio",suelo,t,esterilla,"hombros, munecas, espalda, cuello","fuerza, estabilidad, confianza","Variante avanzada de flexión donde brazos y piernas se abren en forma de estrella durante el descenso, requiriendo gran fuerza y control corporal.",ia,f,2026-01-05 22:06:44.069222
226,Star_Toe_Touches.mov,Toques de Estrella con los Dedos del Pie,avanzado,"piernas, core, brazos, hombros, gluteos","movilidad, equilibrio, fuerza, cardio",de_pie,f,,"espalda, rodillas, cadera, cuello","movilidad, equilibrio, fuerza, flexibilidad, confianza",Ejercicio dinámico que implica abrir brazos y piernas en forma de estrella mientras se tocan alternativamente los dedos de los pies con las manos opuestas.,ia,f,2026-01-05 22:06:59.121977
227,Straight_Leg_JackKnife.mov,Navaja con Piernas Rectas,avanzado,"core, piernas, espalda","fuerza, estabilidad",tumbado,f,esterilla,"espalda, cuello, cadera","fuerza, estabilidad, flexibilidad","Ejercicio abdominal avanzado tumbado boca arriba, elevando simultáneamente piernas rectas y torso para tocar los pies.",ia,f,2026-01-05 22:07:13.16381
228,Straight_Leg_Raises_Left.mov,Elevaciones de Pierna Recta Izquierda,intermedio,"piernas, core, cadera, gluteos","fuerza, estabilidad, equilibrio",tumbado,t,esterilla,"espalda, cadera","fuerza, estabilidad, movilidad, postura","Ejercicio tumbado boca arriba que consiste en elevar la pierna izquierda extendida, fortaleciendo el core y los flexores de cadera.",ia,f,2026-01-05 22:07:27.440056
229,Straight_Leg_Raises_Right.mov,Elevaciones de Pierna Recta Derecha,intermedio,"piernas, core, gluteos, cadera","fuerza, estabilidad, movilidad",tumbado,f,esterilla,"espalda, cadera","fuerza, movilidad, estabilidad, postura","Ejercicio tumbado boca arriba que consiste en elevar la pierna derecha recta hacia el techo, fortaleciendo cuádriceps y flexores de cadera.",ia,f,2026-01-05 22:07:42.72465
230,Superman.mov,Superman,avanzado,"espalda, core, gluteos, hombros","fuerza, estabilidad",tumbado,f,esterilla,"espalda, cuello, hombros","fuerza, postura, flexibilidad","Ejercicio tumbado boca abajo elevando brazos y piernas simultáneamente, fortaleciendo toda la cadena posterior del cuerpo.",ia,f,2026-01-05 22:07:56.770752
231,Superman_Pull.mov,Tirón de Superman,avanzado,"espalda, core, hombros, gluteos","fuerza, estabilidad",tumbado,f,esterilla,"espalda, hombros, cuello","fuerza, postura, estabilidad",Ejercicio en posición boca abajo que fortalece la espalda baja mediante elevación de brazos y piernas con movimiento de tracción.,ia,f,2026-01-05 22:08:12.233854
232,Swimmer.mov,Nadador,intermedio,"espalda, hombros, core, gluteos","fuerza, estabilidad, movilidad",tumbado,t,esterilla,"espalda, hombros, cuello","fuerza, postura, estabilidad","Ejercicio tumbado boca abajo que simula el movimiento de natación, alternando brazos y piernas opuestas elevadas del suelo.",ia,f,2026-01-05 22:08:26.198845
233,T_Superman.mov,Superman,intermedio,"espalda, gluteos, core, hombros","fuerza, estabilidad",tumbado,t,esterilla,"espalda, cuello, hombros","fuerza, postura, estabilidad",Ejercicio tumbado boca abajo que fortalece la espalda baja y glúteos elevando brazos y piernas simultáneamente.,ia,f,2026-01-05 22:08:39.890975
234,Table_Top_Crunches.mov,Abdominales en Posición de Mesa,intermedio,"core, piernas","fuerza, estabilidad",tumbado,t,esterilla,"espalda, cuello, cadera","fuerza, estabilidad, postura",Ejercicio abdominal tumbado boca arriba con piernas elevadas en posición de mesa y contracción del core.,ia,f,2026-01-05 22:08:56.08045
235,Toe_Tap.mov,Toque de Puntas,iniciacion,"piernas, core","movilidad, equilibrio, cardio",de_pie,f,,"rodillas, cadera, espalda","movilidad, equilibrio, confianza","Ejercicio de bajo impacto donde se alternan toques ligeros con la punta del pie hacia adelante o al lado, manteniendo el equilibrio.",ia,f,2026-01-05 22:09:08.650816
236,Toe_Touches.mov,Toques de dedos de los pies,intermedio,"piernas, core, espalda, gluteos","flexibilidad, estiramiento, movilidad",de_pie,f,,"espalda, cadera","flexibilidad, movilidad, postura","Flexión hacia adelante para tocar los dedos de los pies, mejorando la flexibilidad de la cadena posterior.",ia,f,2026-01-05 22:09:22.44312
237,Touchdown_Lunges.mov,Zancadas con Toque al Suelo,avanzado,"piernas, gluteos, core, cuadriceps","fuerza, equilibrio, estabilidad",de_pie,f,,"rodillas, cadera, espalda","fuerza, equilibrio, movilidad, confianza","Zancada profunda hacia adelante tocando el suelo con las manos, simulando el gesto de anotar un touchdown en fútbol americano.",ia,f,2026-01-05 22:09:37.599317
238,Triceps_Dip.mov,Fondos de Tríceps,avanzado,"brazos, hombros, pecho",fuerza,sentado,t,silla,"hombros, munecas, espalda, cadera",fuerza,"Ejercicio de fuerza para tríceps usando el peso corporal con apoyo en silla, bajando y subiendo el cuerpo mediante extensión de brazos.",ia,f,2026-01-05 22:09:52.946937
239,Triceps_Extension.mov,Extensión de Tríceps,intermedio,brazos,fuerza,sentado,t,"silla, mancuernas","hombros, codos","fuerza, movilidad",Ejercicio para fortalecer la parte posterior de los brazos (tríceps) mediante extensión del codo por encima de la cabeza.,ia,f,2026-01-05 22:10:06.412801
240,Tuck_Jumps.mov,Saltos con Rodillas al Pecho,avanzado,"piernas, core, gluteos","cardio, fuerza, equilibrio",de_pie,f,,"rodillas, espalda, cadera","fuerza, equilibrio, confianza","Salto explosivo elevando ambas rodillas hacia el pecho en el aire, ejercicio de alto impacto y alta intensidad cardiovascular.",ia,f,2026-01-05 22:10:20.06789
241,Up_Downs.mov,Subidas y Bajadas,intermedio,"piernas, core, gluteos, brazos","fuerza, equilibrio, cardio, estabilidad",de_pie,f,,"rodillas, cadera, espalda","fuerza, equilibrio, confianza, movilidad","Ejercicio dinámico que implica subir y bajar del suelo o de una posición baja a estar de pie, trabajando fuerza de piernas y core.",ia,f,2026-01-05 22:10:35.503511
242,V-ups.mov,V-ups o Elevaciones en V,avanzado,"core, piernas","fuerza, estabilidad",tumbado,f,esterilla,"espalda, cuello, cadera","fuerza, flexibilidad",Ejercicio abdominal avanzado que consiste en elevar simultáneamente piernas y torso formando una V mientras se está tumbado boca arriba.,ia,f,2026-01-05 22:10:49.419354
243,W_Superman.mov,Superman,avanzado,"espalda, gluteos, core, hombros","fuerza, estabilidad",tumbado,f,esterilla,"espalda, hombros, cuello","fuerza, postura, estabilidad","Ejercicio tumbado boca abajo donde se elevan simultáneamente brazos y piernas extendidas, fortaleciendo la cadena posterior.",ia,f,2026-01-05 22:11:04.476215
244,Wall_Lateral_Pull-Downs.mov,Jalones Laterales en Pared,iniciacion,"brazos, espalda, hombros","fuerza, movilidad",de_pie,t,pared,hombros,"fuerza, movilidad, postura",Ejercicio de tracción lateral simulada contra la pared para fortalecer espalda y brazos sin equipamiento pesado.,ia,f,2026-01-05 22:11:18.863897
245,Wall_Pectoral_Stretch_Left.mov,Estiramiento de Pectoral en Pared (Izquierdo),iniciacion,"pecho, hombros, brazos","estiramiento, movilidad",de_pie,t,pared,hombros,"flexibilidad, movilidad, postura",Estiramiento del músculo pectoral izquierdo apoyando el brazo en la pared y rotando el tronco hacia el lado contrario.,ia,f,2026-01-05 22:11:34.78298
246,Wall_Pectoral_Stretch_Right.mov,Estiramiento Pectoral en Pared (Derecho),iniciacion,"pecho, hombros, brazos","estiramiento, movilidad",de_pie,t,pared,hombros,"movilidad, flexibilidad, postura",Estiramiento del pectoral derecho apoyando el brazo en la pared para mejorar la apertura del pecho y la postura.,ia,f,2026-01-05 22:11:48.524932
247,Wall_Push_Offs.mov,Flexiones de Pared,iniciacion,"pecho, brazos, hombros, core","fuerza, estabilidad",de_pie,t,pared,"hombros, munecas","fuerza, postura, confianza","Flexiones suaves realizadas contra una pared, ideales para fortalecer el tren superior sin sobrecarga.",ia,f,2026-01-05 22:12:02.540295
248,Wall_Sit.mov,Sentadilla contra la pared,intermedio,"piernas, gluteos, core","fuerza, estabilidad",de_pie,t,pared,"rodillas, espalda","fuerza, estabilidad, confianza",Ejercicio isométrico que consiste en mantener una posición de sentadilla apoyando la espalda contra la pared.,ia,f,2026-01-05 22:12:16.968239
249,Wide_High_Knees.mov,Rodillas Altas Amplias,avanzado,"piernas, core, gluteos","cardio, fuerza, equilibrio",de_pie,f,,"rodillas, cadera, espalda","fuerza, equilibrio, movilidad",Ejercicio cardiovascular de alto impacto que consiste en elevar las rodillas alternativamente hacia el pecho con una postura amplia.,ia,f,2026-01-05 22:12:30.588868
250,Wide_Knee_Push-ups.mov,Flexiones con rodillas apoyadas y manos separadas,intermedio,"pecho, brazos, hombros, core","fuerza, estabilidad",cuadrupedia,t,esterilla,"munecas, hombros, espalda","fuerza, estabilidad, postura",Flexiones modificadas con rodillas apoyadas y manos en posición más amplia que los hombros para trabajar pecho y brazos con menor intensidad.,ia,f,2026-01-05 22:12:46.048382
251,Wide_Legged_V-ups.mov,Elevaciones en V con Piernas Abiertas,avanzado,"core, piernas","fuerza, estabilidad",tumbado,f,esterilla,"espalda, cuello, cadera","fuerza, flexibilidad",Ejercicio abdominal avanzado tumbado boca arriba elevando simultáneamente tronco y piernas abiertas formando una V.,ia,f,2026-01-05 22:12:59.055977
252,Wide_Push-ups.mov,Flexiones Amplias,avanzado,"pecho, hombros, brazos, core","fuerza, estabilidad",suelo,f,esterilla,"hombros, munecas, espalda, cuello","fuerza, estabilidad, postura",Flexiones con las manos separadas más allá del ancho de hombros para trabajar intensamente pecho y hombros.,ia,f,2026-01-05 22:13:14.625151
253,Windshield_Wipers.mov,Limpiaparabrisas,intermedio,"core, espalda, cadera","movilidad, fuerza, estabilidad",tumbado,t,esterilla,"espalda, cadera","movilidad, fuerza, flexibilidad, postura","Ejercicio tumbado boca arriba con rodillas flexionadas que se mueven de lado a lado como limpiaparabrisas, trabajando rotación de columna y core.",ia,f,2026-01-05 22:13:29.381922
254,X_Hop.mov,Salto en X,avanzado,"piernas, core, gluteos, brazos, hombros","cardio, fuerza, equilibrio, estabilidad",de_pie,f,,"rodillas, cadera, espalda, cuello","fuerza, equilibrio, confianza",Ejercicio de salto explosivo con apertura de piernas y brazos formando una X en el aire.,ia,f,2026-01-05 22:13:42.823475
255,X_Mountain_Climbers.mov,Escaladores de Montaña en X,avanzado,"core, brazos, hombros, piernas, pecho","cardio, fuerza, estabilidad",cuadrupedia,f,esterilla,"espalda, rodillas, hombros, munecas, cuello, cadera","fuerza, equilibrio, confianza","Ejercicio cardiovascular intenso en posición de plancha, alternando rodillas hacia codos opuestos en patrón cruzado de alta intensidad.",ia,f,2026-01-05 22:14:00.348327
256,X_Plank.mov,Plancha,avanzado,"core, brazos, hombros, espalda, gluteos","fuerza, estabilidad",cuadrupedia,t,esterilla,"espalda, hombros, munecas, cuello","fuerza, postura, confianza","Ejercicio isométrico de fuerza en posición horizontal apoyando antebrazos y pies, manteniendo el cuerpo recto y alineado.",ia,f,2026-01-05 22:14:15.095706
257,X_Squat.mov,Sentadilla en X,intermedio,"piernas, gluteos, core","fuerza, equilibrio, estabilidad",de_pie,f,,"rodillas, cadera, espalda","fuerza, equilibrio, estabilidad, movilidad","Sentadilla con posición de piernas cruzadas en forma de X, trabajando fuerza y equilibrio avanzado de tren inferior.",ia,f,2026-01-05 22:14:29.781919
258,X_Squat_Jump.mov,Salto en Sentadilla con X,avanzado,"piernas, gluteos, core, pantorrillas","fuerza, cardio, potencia",de_pie,f,,"rodillas, cadera, espalda, tobillos","fuerza, potencia, resistencia, coordinacion","Ejercicio pliométrico de alta intensidad que combina sentadilla profunda con salto explosivo, formando una X con brazos y piernas en el aire.",ia,f,2026-01-05 22:14:44.215471
259,Y_Superman.mov,Superman,avanzado,"espalda, core, gluteos, hombros","fuerza, estabilidad",tumbado,t,esterilla,"espalda, hombros, cuello","fuerza, postura, estabilidad","Ejercicio tumbado boca abajo que consiste en elevar simultáneamente brazos y piernas del suelo, fortaleciendo la cadena posterior del cuerpo.",ia,f,2026-01-05 22:14:59.887953
