id;nombre_espanol;nivel;tipo_ejercicio;posicion;areas_cuerpo;descripcion
207;Abdominales;avanzado;fuerza;tumbado;core | cuello;Ejercicio intenso de fortalecimiento abdominal que implica elevar el tronco desde posición tumbada hasta sentarse completamente.
41;Abdominales (Encogimientos);intermedio;fuerza;tumbado;core;Ejercicio abdominal clásico tumbado boca arriba que fortalece el core mediante elevación del tronco superior.
64;Abdominales Choca Esos Cinco;intermedio;fuerza | estabilidad | cardio;suelo;core | brazos | hombros;Ejercicio abdominal dinámico donde se alternan toques de manos mientras se mantiene posición de plancha o crunch.
172;Abdominales Invertidos;avanzado;fuerza | estabilidad;tumbado;core | cadera;Ejercicio abdominal tumbado que consiste en elevar las caderas y rodillas hacia el pecho, trabajando intensamente el abdomen inferior.
118;Abdominales en Plancha Baja;avanzado;fuerza | estabilidad;suelo;core | brazos | hombros | espalda;Ejercicio avanzado que combina la posición de plancha sobre antebrazos con movimientos de contracción abdominal.
234;Abdominales en Posición de Mesa;intermedio;fuerza | estabilidad;tumbado;core | piernas;Ejercicio abdominal tumbado boca arriba con piernas elevadas en posición de mesa y contracción del core.
24;Abdominales en bicicleta;avanzado;fuerza | cardio | estabilidad;suelo;core | piernas;Ejercicio abdominal dinámico que combina rotación del tronco con movimiento alternado de piernas imitando el pedaleo.
78;Abducción de cadera derecha;iniciacion;movilidad | fuerza | estabilidad;de_pie;piernas | gluteos | cadera;Movimiento lateral de la pierna derecha hacia afuera, fortaleciendo abductores de cadera y glúteo medio.
77;Abducción de cadera izquierda;iniciacion;movilidad | fuerza | equilibrio;de_pie;piernas | gluteos | cadera;Ejercicio de elevación lateral de la pierna izquierda para fortalecer abductores de cadera y mejorar el equilibrio.
80;Aducción de Cadera Derecha;iniciacion;fuerza | movilidad;de_pie;piernas | cadera | gluteos;Movimiento de la pierna derecha hacia la línea media del cuerpo para fortalecer los músculos aductores internos del muslo.
79;Aducción de cadera izquierda;iniciacion;fuerza | movilidad | estabilidad;de_pie;piernas | cadera | gluteos;Movimiento de la pierna izquierda hacia la línea media del cuerpo, fortaleciendo los músculos aductores de la cadera.
202;Alcance con Una Pierna Izquierda;intermedio;equilibrio | fuerza | estabilidad;de_pie;piernas | core | gluteos;Ejercicio de equilibrio donde se mantiene el apoyo en una pierna mientras se alcanza hacia adelante o hacia abajo con la pierna izquierda elevada.
203;Alcance con una pierna derecha;intermedio;equilibrio | fuerza | estabilidad | movilidad;de_pie;piernas | core | gluteos | espalda;Ejercicio de equilibrio en el que se mantiene el apoyo sobre la pierna izquierda mientras se extiende la pierna derecha hacia atrás y se inclina el tronco hacia adelante.
35;Burpee y Salto con Rodillas al Pecho;avanzado;cardio | fuerza | equilibrio;de_pie;piernas | core | brazos | espalda | hombros | gluteos | pecho;Ejercicio de alta intensidad que combina burpees con saltos explosivos llevando las rodillas al pecho, diseñado para condición física avanzada.
36;Burpees;avanzado;cardio | fuerza | estabilidad;de_pie;piernas | core | brazos | pecho | hombros | gluteos;Ejercicio de alto impacto que combina sentadilla, plancha y salto en un movimiento continuo y explosivo.
28;Burpees;avanzado;fuerza | cardio | estabilidad;de_pie;piernas | core | brazos | espalda | hombros | gluteos | pecho;Ejercicio de cuerpo completo de alta intensidad que combina sentadilla, plancha, flexión y salto en un movimiento continuo.
139;Burpees Estrechos;avanzado;cardio | fuerza | estabilidad;de_pie;piernas | core | brazos | pecho | hombros | gluteos;Ejercicio de alta intensidad que combina flexión, plancha y salto con posición estrecha de pies, demandando gran resistencia cardiovascular y fuerza de todo el cuerpo.
108;Burpees Laterales;avanzado;cardio | fuerza | equilibrio | estabilidad;de_pie;piernas | core | brazos | hombros | gluteos | pecho;Ejercicio de alta intensidad que combina sentadilla, plancha y salto lateral, trabajando todo el cuerpo con movimiento cardiovascular intenso.
37;Burpees Modificados con Conteo;intermedio;cardio | fuerza | estabilidad;de_pie;piernas | core | brazos | pecho | hombros | gluteos;Versión adaptada del burpee tradicional usando silla como apoyo, combinando sentadilla, inclinación y elevación con conteo para mantener el ritmo.
27;Burpees con Salto Agrupado;avanzado;cardio | fuerza | estabilidad;de_pie;piernas | core | brazos | espalda | hombros | gluteos | pecho;Ejercicio de alta intensidad que combina una flexión en el suelo con un salto explosivo llevando las rodillas al pecho.
223;Burpees en Estrella;avanzado;cardio | fuerza | estabilidad;de_pie;piernas | core | brazos | espalda | hombros | gluteos | pecho;Ejercicio de alta intensidad que combina flexión, plancha y salto en estrella, requiriendo coordinación y fuerza total del cuerpo.
145;Crunch Oblicuo Derecho;intermedio;fuerza | estabilidad;tumbado;core;Ejercicio abdominal tumbado que trabaja los músculos oblicuos del lado derecho mediante una flexión lateral del tronco.
144;Crunch Oblicuo Izquierdo;intermedio;fuerza | estabilidad;tumbado;core;Ejercicio abdominal tumbado que trabaja los músculos oblicuos del lado izquierdo mediante una flexión lateral del tronco.
16;Círculos de Brazos Hacia Atrás;iniciacion;movilidad | estiramiento;de_pie;brazos | hombros | espalda;Movimiento circular de los brazos hacia atrás para mejorar la movilidad del hombro y la parte superior de la espalda.
17;Círculos de Brazos hacia Adelante;iniciacion;movilidad | estiramiento;de_pie;brazos | hombros | espalda;Movimiento circular de los brazos hacia adelante para mejorar la movilidad del hombro y activar la parte superior del cuerpo.
20;El Escarabajo;intermedio;fuerza | estabilidad | movilidad;tumbado;core | espalda | hombros | cadera;Ejercicio tumbado boca arriba con movimientos alternos de brazos y piernas que fortalece el core y mejora la coordinación.
186;Elevaciones de Cadera en Plancha Lateral Derecha;avanzado;fuerza | estabilidad | equilibrio;suelo;core | gluteos | hombros | brazos;Ejercicio avanzado de plancha lateral en el que se elevan y descienden las caderas manteniendo el cuerpo alineado sobre el lado derecho.
229;Elevaciones de Pierna Recta Derecha;intermedio;fuerza | estabilidad | movilidad;tumbado;piernas | core | gluteos | cadera;Ejercicio tumbado boca arriba que consiste en elevar la pierna derecha recta hacia el techo, fortaleciendo cuádriceps y flexores de cadera.
228;Elevaciones de Pierna Recta Izquierda;intermedio;fuerza | estabilidad | equilibrio;tumbado;piernas | core | cadera | gluteos;Ejercicio tumbado boca arriba que consiste en elevar la pierna izquierda extendida, fortaleciendo el core y los flexores de cadera.
153;Elevaciones de Pierna en Plancha;avanzado;fuerza | estabilidad;cuadrupedia;core | brazos | hombros | gluteos | piernas | espalda;Ejercicio avanzado que combina la posición de plancha con elevaciones alternadas de piernas para fortalecer todo el core y mejorar la estabilidad.
72;Elevaciones de Pierna en Plancha Alta (Izquierda);avanzado;fuerza | estabilidad | equilibrio;cuadrupedia;core | gluteos | hombros | brazos | espalda | piernas;Ejercicio avanzado en posición de plancha sobre manos elevando la pierna izquierda mientras se mantiene el core estable.
73;Elevaciones de Pierna en Plancha Alta Derecha;avanzado;fuerza | estabilidad | equilibrio;cuadrupedia;core | gluteos | hombros | brazos | espalda | piernas;Ejercicio avanzado que combina plancha alta con elevación de pierna derecha, requiriendo gran fuerza del core y estabilidad corporal.
125;Elevaciones de Pierna en Plancha Lateral Baja (Derecha);avanzado;fuerza | estabilidad | equilibrio;suelo;core | gluteos | piernas | hombros | brazos;Plancha lateral baja apoyada sobre antebrazo y rodilla, elevando la pierna superior extendida hacia arriba de forma controlada.
124;Elevaciones de Pierna en Plancha Lateral Baja (Izquierda);avanzado;fuerza | estabilidad | equilibrio;suelo;core | gluteos | piernas | hombros | brazos;Plancha lateral apoyando antebrazo y rodilla, elevando la pierna superior de forma controlada.
21;Elevaciones de Piernas con Rodillas Flexionadas;iniciacion;fuerza | estabilidad;tumbado;core | piernas | gluteos;Ejercicio tumbado boca arriba que fortalece el abdomen bajo elevando las piernas con las rodillas dobladas.
95;Elevaciones de Plancha Lateral Baja con Rodilla (Izquierda);avanzado;fuerza | estabilidad | equilibrio;suelo;core | brazos | hombros | gluteos | espalda;Plancha lateral modificada apoyando la rodilla, elevando y bajando las caderas del suelo mientras se mantiene el peso sobre el antebrazo izquierdo.
96;Elevaciones de Plancha Lateral Baja sobre Rodillas (Derecha);intermedio;fuerza | estabilidad | equilibrio;suelo;core | brazos | hombros | gluteos | cadera;Plancha lateral modificada apoyando rodillas, elevando y bajando la cadera del lado derecho para fortalecer el core lateral.
185;Elevaciones de cadera en plancha lateral izquierda;avanzado;fuerza | estabilidad | equilibrio;suelo;core | oblicuos | hombros | cadera | gluteos;Ejercicio avanzado de core en posición de plancha lateral sobre el lado izquierdo, elevando y bajando la cadera de forma controlada.
115;Elevaciones de pierna;intermedio;fuerza | estabilidad | equilibrio;tumbado;piernas | core | gluteos;Ejercicio tumbado boca arriba que consiste en elevar las piernas manteniendo la espalda apoyada en el suelo.
251;Elevaciones en V con Piernas Abiertas;avanzado;fuerza | estabilidad;tumbado;core | piernas;Ejercicio abdominal avanzado tumbado boca arriba elevando simultáneamente tronco y piernas abiertas formando una V.
204;Elevaciones en V con una pierna;avanzado;fuerza | estabilidad;tumbado;core | piernas;Ejercicio abdominal intenso donde se eleva el torso y una pierna simultáneamente formando una V, manteniendo la otra pierna extendida.
114;Elevación de Piernas con Crunch Abdominal;avanzado;fuerza | estabilidad;tumbado;core | piernas;Ejercicio avanzado que combina elevación de piernas con contracción abdominal simultánea estando tumbado boca arriba.
102;Encogimientos con elevación de rodillas;avanzado;fuerza | estabilidad;tumbado;core | piernas;Ejercicio abdominal que combina encogimientos tradicionales con elevación simultánea de rodillas hacia el pecho mientras se está tumbado boca arriba.
205;Escalador de Montaña con Pierna Cruzada (Izquierda);avanzado;fuerza | cardio | estabilidad;cuadrupedia;core | brazos | hombros | piernas;Ejercicio avanzado en posición de plancha donde se lleva la rodilla izquierda cruzando hacia el codo derecho de forma dinámica.
206;Escalador de Montaña con Pierna Cruzada Derecha;avanzado;fuerza | cardio | estabilidad;cuadrupedia;core | brazos | hombros | piernas | gluteos;Ejercicio de alta intensidad en posición de plancha llevando la rodilla derecha cruzada hacia el codo opuesto.
138;Escaladores de Montaña;avanzado;cardio | fuerza | estabilidad;cuadrupedia;core | brazos | hombros | piernas | gluteos;Ejercicio cardiovascular intenso que simula escalar una montaña desde posición de plancha, alternando rodillas al pecho.
255;Escaladores de Montaña en X;avanzado;cardio | fuerza | estabilidad;cuadrupedia;core | brazos | hombros | piernas | pecho;Ejercicio cardiovascular intenso en posición de plancha, alternando rodillas hacia codos opuestos en patrón cruzado de alta intensidad.
208;Esquiador Abdominal;intermedio;fuerza | estabilidad | cardio;de_pie;core | piernas | hombros;Ejercicio dinámico que simula el movimiento de esquí mientras activa el core y trabaja rotación de tronco.
180;Estiramiento Cruzado de Hombro Derecho;iniciacion;estiramiento | movilidad;de_pie;hombros | espalda;Estiramiento suave del hombro derecho llevando el brazo cruzado sobre el pecho con ayuda del brazo contrario.
179;Estiramiento Cruzado de Hombro Izquierdo;iniciacion;estiramiento | movilidad;de_pie;hombros | espalda;Estiramiento del hombro izquierdo llevando el brazo cruzado sobre el pecho con ayuda del brazo contrario.
246;Estiramiento Pectoral en Pared (Derecho);iniciacion;estiramiento | movilidad;de_pie;pecho | hombros | brazos;Estiramiento del pectoral derecho apoyando el brazo en la pared para mejorar la apertura del pecho y la postura.
222;Estiramiento de Cuádriceps de Pie (Pierna Derecha);intermedio;estiramiento | equilibrio | flexibilidad;de_pie;piernas;Estiramiento del músculo cuádriceps de la pierna derecha manteniéndose de pie sobre la pierna izquierda.
221;Estiramiento de Cuádriceps de Pie (Pierna Izquierda);intermedio;estiramiento | equilibrio | flexibilidad;de_pie;piernas;Estiramiento del músculo cuádriceps de la pierna izquierda manteniéndose de pie, flexionando la rodilla y llevando el talón hacia el glúteo.
107;Estiramiento de Flexor de Cadera Derecho en Rodilla;intermedio;estiramiento | movilidad | flexibilidad;suelo;piernas | cadera | core;Estiramiento profundo del flexor de cadera derecho desde posición de rodilla adelantada, mejorando movilidad y postura.
106;Estiramiento de Flexor de Cadera en Rodilla (Izquierda);intermedio;estiramiento | movilidad | flexibilidad;suelo;cadera | piernas | core;Estiramiento en posición de rodilla para elongar los músculos flexores de la cadera izquierda, mejorando la movilidad y reduciendo la tensión lumbar.
60;Estiramiento de Glúteo Derecho;iniciacion;estiramiento | movilidad;sentado;gluteos | cadera | espalda;Estiramiento suave del glúteo derecho realizado desde posición sentada, ideal para mejorar la flexibilidad de cadera.
59;Estiramiento de Glúteo Izquierdo;iniciacion;estiramiento | movilidad;sentado;gluteos | cadera | espalda;Estiramiento suave del glúteo izquierdo realizado desde posición sentada para mejorar la movilidad de cadera.
245;Estiramiento de Pectoral en Pared (Izquierdo);iniciacion;estiramiento | movilidad;de_pie;pecho | hombros | brazos;Estiramiento del músculo pectoral izquierdo apoyando el brazo en la pared y rotando el tronco hacia el lado contrario.
148;Estiramiento de Tríceps por Encima de la Cabeza (Derecho);iniciacion;estiramiento | movilidad;de_pie;brazos | hombros;Estiramiento suave del tríceps derecho elevando el brazo y llevando la mano hacia la espalda alta.
147;Estiramiento de Tríceps por Encima de la Cabeza (Izquierdo);iniciacion;estiramiento | movilidad;de_pie;brazos | hombros;Estiramiento del músculo tríceps del brazo izquierdo elevando el brazo por encima de la cabeza y flexionando el codo.
33;Estiramiento del Zapatero;iniciacion;estiramiento | movilidad;sentado;cadera | piernas | gluteos;Estiramiento suave de caderas sentado con plantas de los pies juntas, mejorando la flexibilidad de aductores e ingle.
132;Estocada con Patada Frontal (Pierna Izquierda);avanzado;fuerza | equilibrio | cardio | estabilidad;de_pie;piernas | gluteos | core | cadera;Ejercicio dinámico que combina una estocada con una patada frontal con la pierna izquierda, mejorando fuerza y equilibrio.
130;Estocada con Rotación de Tronco Izquierda;avanzado;fuerza | equilibrio | movilidad | estabilidad;de_pie;piernas | core | gluteos | espalda;Ejercicio de estocada con rotación del torso hacia la izquierda que combina fuerza de piernas y movilidad del tronco.
192;Estocada lateral a reverencia derecha;avanzado;fuerza | equilibrio | movilidad | estabilidad;de_pie;piernas | gluteos | core | cadera;Ejercicio combinado que alterna entre una estocada lateral y una estocada en reverencia con la pierna derecha, trabajando fuerza y equilibrio en múltiples planos.
239;Extensión de Tríceps;intermedio;fuerza;sentado;brazos;Ejercicio para fortalecer la parte posterior de los brazos (tríceps) mediante extensión del codo por encima de la cabeza.
18;Extensión de Tríceps Asistida;iniciacion;fuerza | movilidad;sentado;brazos;Ejercicio asistido para fortalecer los tríceps (parte posterior del brazo) realizado desde posición sentada con apoyo.
111;Flexiones Acostadas y Saltos con Rodillas al Pecho;avanzado;fuerza | cardio | estabilidad;suelo;pecho | brazos | hombros | core | piernas | gluteos;Ejercicio de alta intensidad que combina flexiones desde posición tumbada con saltos explosivos llevando las rodillas al pecho.
252;Flexiones Amplias;avanzado;fuerza | estabilidad;suelo;pecho | hombros | brazos | core;Flexiones con las manos separadas más allá del ancho de hombros para trabajar intensamente pecho y hombros.
15;Flexiones Arquero;avanzado;fuerza | estabilidad;suelo;brazos | hombros | pecho | core;Flexión avanzada donde se desplaza el peso lateralmente hacia un brazo mientras el otro se extiende, similar al movimiento de un arquero.
141;Flexiones Cerradas o Diamante;avanzado;fuerza | estabilidad;suelo;brazos | pecho | hombros | core;Flexiones con las manos juntas bajo el pecho, incrementando la intensidad en tríceps y pecho interno.
76;Flexiones Hindúes;avanzado;fuerza | movilidad | estabilidad;suelo;brazos | hombros | pecho | espalda | core;Flexión dinámica que combina movimiento de onda corporal, trabajando todo el tren superior con transición fluida.
151;Flexiones Pike;avanzado;fuerza | estabilidad;suelo;hombros | brazos | core | espalda;Flexión avanzada en posición de V invertida que trabaja intensamente hombros y brazos con el peso corporal.
158;Flexiones Pliométricas;avanzado;fuerza | cardio;suelo;brazos | pecho | hombros | core;Flexiones explosivas donde las manos despegan del suelo en cada repetición, ejercicio de alta intensidad para tren superior.
99;Flexiones Pliométricas de Rodillas;avanzado;fuerza | cardio;suelo;brazos | pecho | hombros | core;Flexiones explosivas con las rodillas apoyadas donde las manos despegan del suelo en la fase ascendente.
200;Flexiones a una pierna (izquierda);avanzado;fuerza | equilibrio | estabilidad;suelo;brazos | pecho | hombros | core | gluteos | piernas;Flexión de brazos en posición de plancha elevando la pierna izquierda, combinando fuerza de tren superior con estabilidad del core.
201;Flexiones a una pierna (pierna derecha);avanzado;fuerza | equilibrio | estabilidad;suelo;brazos | pecho | hombros | core | espalda | gluteos;Flexión de brazos avanzada manteniendo una pierna (derecha) elevada del suelo, requiere fuerza superior del cuerpo y estabilidad del core.
49;Flexiones con Caída;avanzado;fuerza | estabilidad;suelo;pecho | brazos | hombros | core;Flexiones pliométricas avanzadas que implican dejar caer el cuerpo desde una superficie elevada y amortiguar con los brazos.
48;Flexiones con Doble Palmada;avanzado;fuerza | cardio;suelo;pecho | brazos | hombros | core;Flexiones explosivas donde se da una palmada doble en el aire antes de volver a apoyar las manos en el suelo.
250;Flexiones con rodillas apoyadas y manos separadas;intermedio;fuerza | estabilidad;cuadrupedia;pecho | brazos | hombros | core;Flexiones modificadas con rodillas apoyadas y manos en posición más amplia que los hombros para trabajar pecho y brazos con menor intensidad.
143;Flexiones de Brazos Estrechas a Anchas;avanzado;fuerza | estabilidad;suelo;brazos | pecho | hombros | core;Flexiones alternando posición de manos estrecha y ancha para trabajar diferentes grupos musculares del tren superior.
247;Flexiones de Pared;iniciacion;fuerza | estabilidad;de_pie;pecho | brazos | hombros | core;Flexiones suaves realizadas contra una pared, ideales para fortalecer el tren superior sin sobrecarga.
101;Flexiones de Rodillas con Desplazamiento Lateral;intermedio;fuerza | estabilidad;cuadrupedia;brazos | pecho | hombros | core;Flexiones modificadas apoyando las rodillas con desplazamiento lateral del cuerpo para trabajar diferentes ángulos del pecho y brazos.
14;Flexiones de cocodrilo;avanzado;fuerza | estabilidad;suelo;brazos | hombros | pecho | core | espalda;Variante avanzada de flexiones con movimiento alternado de brazos que imita el desplazamiento de un cocodrilo, requiriendo gran fuerza del tren superior.
34;Flexiones de comandante;avanzado;fuerza | estabilidad;suelo;brazos | hombros | pecho | core;Variante avanzada de flexiones que combina movimiento del tren superior con elevación alternada de brazos en posición de plancha.
193;Flexiones de lado a lado;avanzado;fuerza | estabilidad;suelo;brazos | pecho | hombros | core;Flexiones avanzadas donde se desplaza el peso del cuerpo lateralmente entre cada repetición, aumentando la intensidad en brazos y pecho.
170;Flexiones de pecho;avanzado;fuerza | estabilidad;suelo;pecho | brazos | hombros | core;Ejercicio de fuerza del tren superior que trabaja pecho, brazos y hombros mediante el descenso y elevación del cuerpo con apoyo en manos y pies.
100;Flexiones de rodillas;intermedio;fuerza | estabilidad;cuadrupedia;brazos | pecho | hombros | core;Flexiones modificadas apoyando las rodillas en el suelo, ideales para fortalecer brazos y pecho con menor intensidad.
98;Flexiones de rodillas de estrechas a amplias;intermedio;fuerza | estabilidad;cuadrupedia;pecho | brazos | hombros | core;Flexiones apoyando rodillas alternando posición de manos entre estrecha y amplia para trabajar diferentes ángulos del pecho y brazos
140;Flexiones de rodillas juntas;avanzado;fuerza | estabilidad;suelo;brazos | pecho | hombros | core;Flexiones con las rodillas apoyadas en el suelo y las manos en posición estrecha para trabajar tríceps y pecho de forma intensa.
93;Flexiones de rodillas tumbado;intermedio;fuerza | estabilidad;tumbado;pecho | brazos | hombros | core;Flexiones modificadas apoyando las rodillas en el suelo para reducir la intensidad y proteger la espalda baja.
44;Flexiones delfín;avanzado;fuerza | estabilidad;suelo;hombros | brazos | core | espalda | pecho;Flexión avanzada con antebrazos apoyados que fortalece hombros y core mediante movimiento de balanceo hacia adelante y atrás.
225;Flexiones en Estrella;avanzado;fuerza | estabilidad | equilibrio;suelo;brazos | hombros | pecho | core | espalda;Variante avanzada de flexión donde brazos y piernas se abren en forma de estrella durante el descenso, requiriendo gran fuerza y control corporal.
84;Flexiones en pared inclinada;iniciacion;fuerza;de_pie;brazos | hombros | pecho;Flexiones realizadas contra una pared en posición inclinada, ideal para fortalecer brazos, hombros y pecho sin necesidad de tirarse al suelo.
113;Flexiones tumbado;avanzado;fuerza | estabilidad;tumbado;brazos | hombros | pecho | core;Flexiones de brazos realizadas desde posición boca abajo en el suelo, ejercicio de fuerza para tren superior.
167;Flexión con Toque de Hombro;avanzado;fuerza | estabilidad | equilibrio;cuadrupedia;brazos | hombros | pecho | core | espalda;Flexión de brazos en posición de plancha con toques alternados al hombro opuesto, manteniendo estabilidad del core.
238;Fondos de Tríceps;avanzado;fuerza;sentado;brazos | hombros | pecho;Ejercicio de fuerza para tríceps usando el peso corporal con apoyo en silla, bajando y subiendo el cuerpo mediante extensión de brazos.
30;Gato-Vaca;iniciacion;movilidad | estiramiento | estabilidad;cuadrupedia;espalda | core | hombros | cuello;Ejercicio de movilidad espinal que alterna entre arquear y redondear la espalda en posición de cuatro apoyos.
175;Giro Ruso Fácil;intermedio;fuerza | estabilidad | movilidad;sentado;core | espalda;Ejercicio de rotación del torso sentado que fortalece los músculos abdominales oblicuos y mejora la movilidad de la columna.
176;Giros Rusos Difíciles;avanzado;fuerza | estabilidad;suelo;core | espalda;Ejercicio avanzado de rotación del torso en posición V sentada, trabajando intensamente los músculos abdominales oblicuos y el core.
122;Giros en Plancha Baja;avanzado;fuerza | estabilidad | movilidad;suelo;core | brazos | hombros | espalda;Ejercicio avanzado de core que combina la plancha sobre antebrazos con rotaciones del torso de lado a lado.
166;Golpes de Boxeo;intermedio;cardio | fuerza | movilidad;de_pie;brazos | hombros | core | pecho;Movimientos de puñetazos alternados hacia adelante que mejoran la fuerza del tren superior y la coordinación cardiovascular.
82;Gusano con Plancha Baja;avanzado;fuerza | movilidad | estabilidad;de_pie;core | brazos | hombros | espalda | piernas;Ejercicio dinámico que combina flexión hacia adelante caminando con las manos hasta posición de plancha baja sobre antebrazos.
83;Gusano medidor;avanzado;fuerza | movilidad | estabilidad;de_pie;core | hombros | brazos | espalda | piernas;Ejercicio dinámico que combina flexión hacia adelante caminando con las manos hacia plancha y retorno, trabajando todo el cuerpo.
53;Hidratante de Fuego (Pierna Derecha);intermedio;fuerza | estabilidad | movilidad;cuadrupedia;gluteos | cadera | core | piernas;Ejercicio en cuadrupedia que fortalece glúteos y cadera elevando la pierna derecha lateralmente con rodilla flexionada.
52;Hidratante de Fuego Izquierdo;intermedio;fuerza | estabilidad | movilidad;cuadrupedia;gluteos | cadera | core | piernas;Ejercicio en cuadrupedia que consiste en elevar la pierna izquierda lateralmente manteniendo la rodilla doblada a 90 grados.
244;Jalones Laterales en Pared;iniciacion;fuerza | movilidad;de_pie;brazos | espalda | hombros;Ejercicio de tracción lateral simulada contra la pared para fortalecer espalda y brazos sin equipamiento pesado.
253;Limpiaparabrisas;intermedio;movilidad | fuerza | estabilidad;tumbado;core | espalda | cadera;Ejercicio tumbado boca arriba con rodillas flexionadas que se mueven de lado a lado como limpiaparabrisas, trabajando rotación de columna y core.
61;Medios Burpees;avanzado;cardio | fuerza | estabilidad;de_pie;piernas | core | brazos | hombros | gluteos | pecho;Versión modificada del burpee sin salto final, combinando flexión de cadera, plancha y elevación del cuerpo.
137;Medios Burpees Modificados;intermedio;cardio | fuerza | estabilidad;de_pie;piernas | core | brazos | hombros | gluteos;Versión adaptada del burpee tradicional que reduce el impacto eliminando el salto y modificando la bajada al suelo.
232;Nadador;intermedio;fuerza | estabilidad | movilidad;tumbado;espalda | hombros | core | gluteos;Ejercicio tumbado boca abajo que simula el movimiento de natación, alternando brazos y piernas opuestas elevadas del suelo.
227;Navaja con Piernas Rectas;avanzado;fuerza | estabilidad;tumbado;core | piernas | espalda;Ejercicio abdominal avanzado tumbado boca arriba, elevando simultáneamente piernas rectas y torso para tocar los pies.
85;Navaja o Jackknife;avanzado;fuerza | estabilidad;tumbado;core | piernas | espalda;Ejercicio abdominal avanzado donde se elevan simultáneamente piernas y tronco desde posición tumbada, formando una 'V' con el cuerpo.
54;Patada Voladora;avanzado;fuerza | equilibrio | cardio | estabilidad;de_pie;piernas | core | gluteos | cadera;Ejercicio de patada dinámica con impulso que requiere coordinación, fuerza en piernas y equilibrio avanzado sobre una pierna.
45;Patada de burro - Pierna izquierda;intermedio;fuerza | estabilidad;cuadrupedia;gluteos | piernas | core | espalda;Ejercicio en posición de cuatro apoyos donde se eleva la pierna izquierda hacia atrás manteniendo la rodilla doblada, fortaleciendo glúteos y mejorando estabilidad del core.
181;Patadas Laterales;intermedio;fuerza | equilibrio | movilidad;de_pie;piernas | gluteos | core | cadera;Ejercicio de pie que consiste en elevar la pierna hacia un lado de forma controlada para fortalecer abductores y mejorar el equilibrio.
46;Patadas de burro pierna derecha;intermedio;fuerza | estabilidad;cuadrupedia;gluteos | piernas | core | espalda;Ejercicio en cuadrupedia donde se extiende la pierna derecha hacia atrás elevando el talón hacia el techo, fortaleciendo glúteos y piernas.
211;Patinadores de Velocidad;intermedio;cardio | equilibrio | fuerza;de_pie;piernas | core | gluteos | cadera;Ejercicio cardiovascular que simula el movimiento de patinaje lateral, saltando de un pie a otro mientras se mantiene el equilibrio.
198;Peso muerto a una pierna (pierna izquierda);avanzado;fuerza | equilibrio | estabilidad;de_pie;piernas | gluteos | core | espalda;Ejercicio de equilibrio sobre una pierna con inclinación del tronco hacia adelante mientras se extiende la pierna derecha hacia atrás.
199;Peso muerto a una pierna derecha;avanzado;equilibrio | fuerza | estabilidad;de_pie;piernas | gluteos | core | espalda;Ejercicio unilateral de equilibrio donde se inclina el tronco hacia adelante mientras se extiende la pierna izquierda hacia atrás, apoyándose solo en la pierna derecha.
171;Pies Rápidos;intermedio;cardio | equilibrio | estabilidad;de_pie;piernas | core;Ejercicio cardiovascular de movimiento rápido alternado de pies en el sitio para mejorar agilidad y coordinación.
256;Plancha;avanzado;fuerza | estabilidad;cuadrupedia;core | brazos | hombros | espalda | gluteos;Ejercicio isométrico de fuerza en posición horizontal apoyando antebrazos y pies, manteniendo el cuerpo recto y alineado.
67;Plancha Alta;avanzado;fuerza | estabilidad;cuadrupedia;core | brazos | hombros | pecho | espalda;Posición estática de plancha con brazos extendidos, manteniendo el cuerpo recto desde la cabeza hasta los pies.
70;Plancha Alta con Descenso de Rodillas;avanzado;fuerza | estabilidad;cuadrupedia;core | brazos | hombros | pecho;Ejercicio de plancha alta donde se descienden alternadamente las rodillas al suelo manteniendo el tronco estable.
71;Plancha Alta con Rodilla al Codo;avanzado;fuerza | estabilidad | cardio;cuadrupedia;core | brazos | hombros | piernas;Ejercicio de plancha alta alternando llevar cada rodilla hacia el codo opuesto, activando intensamente el core y trabajando coordinación.
116;Plancha Baja;avanzado;fuerza | estabilidad;suelo;core | brazos | hombros | espalda | gluteos;Ejercicio isométrico en posición horizontal apoyado sobre antebrazos y pies, manteniendo el cuerpo recto y elevado del suelo.
117;Plancha Baja con Alcances de Brazo;avanzado;fuerza | estabilidad | equilibrio;suelo;core | brazos | hombros | espalda;Ejercicio de plancha sobre antebrazos alternando extensiones de brazos al frente para trabajar core y estabilidad.
119;Plancha Baja con Cruces de Rodilla;avanzado;fuerza | estabilidad | movilidad;cuadrupedia;core | hombros | brazos | cadera;Ejercicio avanzado de core en posición de plancha baja llevando las rodillas en cruce hacia el codo opuesto.
120;Plancha Baja con Descenso de Rodillas;avanzado;fuerza | estabilidad;cuadrupedia;core | brazos | hombros | espalda;Ejercicio de plancha sobre antebrazos con movimiento controlado de rodillas hacia el suelo para fortalecer el core.
121;Plancha Baja con Rodilla al Codo;avanzado;fuerza | estabilidad | cardio;cuadrupedia;core | brazos | hombros | espalda;Ejercicio de plancha en antebrazos llevando alternadamente la rodilla hacia el codo del mismo lado, fortaleciendo el core y la parte superior del cuerpo.
173;Plancha Invertida;avanzado;fuerza | estabilidad;suelo;core | brazos | espalda | hombros | gluteos;Ejercicio de fuerza en el que el cuerpo se sostiene mirando hacia arriba con apoyo en manos y talones, formando una línea recta.
75;Plancha Lateral Alta (Lado Derecho);avanzado;fuerza | estabilidad | equilibrio;suelo;core | hombros | brazos | gluteos;Ejercicio isométrico avanzado de plancha lateral en posición alta, apoyado sobre la mano derecha, manteniendo el cuerpo en línea recta.
74;Plancha Lateral Alta (Lado Izquierdo);avanzado;fuerza | estabilidad | equilibrio;suelo;core | hombros | brazos | oblicuos;Ejercicio avanzado de plancha lateral apoyado sobre la mano, manteniendo el cuerpo elevado en línea recta sobre el lado izquierdo.
126;Plancha Lateral Baja (Lado Derecho);intermedio;fuerza | estabilidad | equilibrio;suelo;core | hombros | brazos | gluteos;Ejercicio de fortalecimiento del core en posición lateral sobre el antebrazo derecho, manteniendo el cuerpo alineado con apoyo de rodillas.
123;Plancha Lateral Baja Izquierda;intermedio;fuerza | estabilidad | equilibrio;suelo;core | brazos | hombros | gluteos;Plancha lateral modificada apoyando el antebrazo y rodilla, trabajando el lado izquierdo del cuerpo para fortalecer el core lateral.
190;Plancha Lateral Estrella Derecha;avanzado;fuerza | equilibrio | estabilidad;suelo;core | brazos | hombros | gluteos | piernas;Plancha lateral apoyada sobre brazo derecho con pierna y brazo superior elevados en forma de estrella, ejercicio avanzado de estabilidad del core.
189;Plancha Lateral Estrella Izquierda;avanzado;fuerza | equilibrio | estabilidad;suelo;core | brazos | hombros | gluteos | piernas;Plancha lateral avanzada apoyado sobre brazo izquierdo con pierna y brazo derecho elevados formando una estrella.
168;Plancha Lateral Izquierda con Flexión;avanzado;fuerza | estabilidad | equilibrio;suelo;core | brazos | hombros | pecho;Combinación avanzada de flexión de brazos seguida de una plancha lateral sobre el lado izquierdo, manteniendo el cuerpo alineado.
188;Plancha Lateral con Crunch Oblicuo Derecho;avanzado;fuerza | estabilidad;suelo;core | hombros | brazos | oblicuos;Ejercicio avanzado que combina plancha lateral con contracción de oblicuos del lado derecho, requiriendo fuerza significativa de core y hombro.
187;Plancha Lateral con Crunch Oblicuo Izquierdo;avanzado;fuerza | estabilidad | equilibrio;suelo;core | hombros | brazos | espalda;Ejercicio avanzado de plancha lateral combinado con contracción de oblicuos del lado izquierdo, trabajando core y estabilidad.
92;Plancha Lateral con Rodillas Apoyadas (Lado Derecho);avanzado;fuerza | estabilidad | equilibrio;suelo;core | hombros | brazos | oblicuos;Plancha lateral modificada apoyando las rodillas, activando el core y los oblicuos del lado derecho.
91;Plancha Lateral con Rodillas Apoyadas (Lado Izquierdo);intermedio;fuerza | estabilidad;suelo;core | hombros | brazos | oblicuos;Plancha lateral modificada apoyando las rodillas en lugar de los pies, trabajando el lado izquierdo del cuerpo para fortalecer el core y los oblicuos.
155;Plancha a Perro Boca Abajo;avanzado;fuerza | movilidad | estabilidad | estiramiento;suelo;core | brazos | hombros | espalda | piernas;Transición dinámica desde posición de plancha hasta perro boca abajo, combinando fuerza y estiramiento de todo el cuerpo.
25;Plancha con Despegue;avanzado;fuerza | estabilidad | cardio;cuadrupedia;core | brazos | hombros | pecho | espalda;Ejercicio avanzado de plancha con impulso dinámico que combina fuerza del core con movimiento explosivo de piernas.
154;Plancha con Toque de Hombro;avanzado;fuerza | estabilidad | equilibrio;cuadrupedia;core | brazos | hombros | pecho | espalda;Ejercicio avanzado de plancha donde se mantiene la posición mientras se tocan alternativamente los hombros opuestos con las manos.
97;Plancha lateral baja con rodillas (lado derecho);intermedio;fuerza | estabilidad;suelo;core | hombros | brazos | oblicuos;Plancha lateral modificada apoyando rodillas en el suelo, trabajando el lado derecho del cuerpo para fortalecer el core lateral.
94;Plancha lateral baja con rodillas apoyadas (izquierda);intermedio;fuerza | estabilidad | equilibrio;suelo;core | hombros | brazos | gluteos;Plancha lateral modificada apoyando rodillas y antebrazo izquierdo, activando el core y la estabilidad lateral del cuerpo.
169;Plancha lateral derecha con flexión;avanzado;fuerza | estabilidad | equilibrio;suelo;core | brazos | hombros | pecho;Ejercicio avanzado que combina flexión de brazos con plancha lateral derecha, trabajando intensamente el core y la parte superior del cuerpo.
50;Plancha sobre codos con elevación de piernas;avanzado;fuerza | estabilidad;suelo;core | brazos | hombros | gluteos | piernas | espalda;Ejercicio avanzado de plancha sobre antebrazos con elevaciones alternadas de piernas que desafía el core y la estabilidad corporal total.
31;Postura del Niño;iniciacion;estiramiento | movilidad;suelo;espalda | hombros | cadera;Postura de yoga de descanso que estira suavemente la espalda, hombros y caderas mientras se descansa arrodillado con el torso hacia adelante.
38;Puente de Cangrejo;avanzado;fuerza | estabilidad | movilidad;suelo;brazos | hombros | core | gluteos | piernas | espalda;Ejercicio de puente invertido con soporte en manos y pies, elevando las caderas hacia el techo mientras el cuerpo mira hacia arriba.
197;Puente de Cangrejo a Una Pierna (Derecha);avanzado;fuerza | equilibrio | estabilidad;suelo;gluteos | core | brazos | hombros | piernas | espalda;Posición de puente invertido apoyado en manos y pies, elevando una pierna (derecha) mientras se mantiene la cadera elevada.
196;Puente de Cangrejo a Una Pierna (Izquierda);avanzado;fuerza | estabilidad | equilibrio;suelo;gluteos | core | brazos | hombros | piernas | espalda;Posición invertida de puente apoyando manos y pies, elevando una pierna (izquierda) mientras se mantiene la cadera elevada.
194;Puente de Glúteo con Pierna Izquierda Elevada;avanzado;fuerza | equilibrio | estabilidad;tumbado;gluteos | piernas | core | espalda;Ejercicio de puente de glúteo apoyando solo una pierna (la derecha), mientras la pierna izquierda permanece elevada, aumentando la intensidad del trabajo unilateral.
195;Puente de glúteo con una pierna (derecha);avanzado;fuerza | estabilidad | equilibrio;tumbado;gluteos | piernas | core | espalda;Ejercicio tumbado boca arriba que consiste en elevar la cadera manteniendo solo la pierna derecha apoyada en el suelo.
26;Puente de glúteos;intermedio;fuerza | estabilidad;tumbado;gluteos | core | piernas | espalda;Ejercicio tumbado boca arriba que consiste en elevar la cadera del suelo creando una línea recta desde rodillas hasta hombros.
58;Puente de glúteos;iniciacion;fuerza | estabilidad;tumbado;gluteos | core | piernas | espalda;Ejercicio tumbado boca arriba que consiste en elevar la cadera del suelo formando un puente con el cuerpo.
40;Puñetazos Cruzados;intermedio;fuerza | cardio | movilidad;de_pie;brazos | hombros | pecho | core;Movimiento dinámico de brazos cruzando el cuerpo alternadamente como puñetazos, fortaleciendo tren superior y activando el core.
57;Ranas o Saltos de Rana;avanzado;fuerza | cardio | equilibrio;de_pie;piernas | core | gluteos | cadera;Ejercicio dinámico que implica saltos en cuclillas imitando el movimiento de una rana, trabajando potencia en tren inferior.
174;Rockstars (Estrellas de Rock);intermedio;movilidad | equilibrio | cardio | fuerza;de_pie;core | brazos | hombros | piernas;Ejercicio dinámico que combina movimientos de brazos amplios tipo estrella con apertura de piernas, imitando poses energéticas de estrella de rock.
105;Rodilla al pecho y ponerse de pie (pierna derecha);intermedio;fuerza | equilibrio | movilidad | estabilidad;de_pie;piernas | core | gluteos | cadera;Ejercicio que combina elevar la rodilla derecha hacia el pecho y realizar una transición controlada para ponerse de pie, trabajando fuerza y equilibrio.
104;Rodilla y Levantarse (Izquierda);intermedio;fuerza | equilibrio | movilidad;suelo;piernas | gluteos | core;Ejercicio de transición desde posición de rodillas a posición de pie, apoyándose principalmente en la pierna izquierda.
66;Rodillas Altas;avanzado;cardio | fuerza | equilibrio;de_pie;piernas | core | gluteos;Ejercicio cardiovascular de alto impacto que consiste en elevar las rodillas alternadamente hacia el pecho mientras se mantiene una postura erguida.
249;Rodillas Altas Amplias;avanzado;cardio | fuerza | equilibrio;de_pie;piernas | core | gluteos;Ejercicio cardiovascular de alto impacto que consiste en elevar las rodillas alternativamente hacia el pecho con una postura amplia.
164;Rodillas Altas con Pulsaciones;avanzado;cardio | fuerza | equilibrio;de_pie;piernas | core | gluteos;Ejercicio cardiovascular de alto impacto que consiste en elevar las rodillas alternadamente hacia el pecho con pequeñas pulsaciones en posición elevada.
161;Rodillas Potentes Derecha;intermedio;fuerza | equilibrio | cardio;de_pie;piernas | core | gluteos;Ejercicio unilateral que consiste en elevar enérgicamente la rodilla derecha hacia el pecho mientras se mantiene el equilibrio sobre la pierna izquierda.
160;Rodillas Potentes Izquierda;intermedio;fuerza | equilibrio | cardio;de_pie;piernas | core | gluteos;Elevación enérgica de la rodilla izquierda hacia el pecho, trabajando fuerza de piernas y equilibrio sobre la pierna derecha.
109;Salto Lateral con Toque al Suelo;avanzado;cardio | fuerza | equilibrio | estabilidad;de_pie;piernas | gluteos | core | equilibrio;Salto lateral de una pierna a otra con descenso controlado para tocar el suelo con la mano.
210;Salto con Chasquido;avanzado;cardio | fuerza | equilibrio;de_pie;piernas | core | gluteos;Ejercicio de salto explosivo que combina un movimiento rápido de piernas con impulso vertical, diseñado para trabajar potencia y coordinación.
258;Salto en Sentadilla con X;avanzado;fuerza | cardio | potencia;de_pie;piernas | gluteos | core | pantorrillas;Ejercicio pliométrico de alta intensidad que combina sentadilla profunda con salto explosivo, formando una X con brazos y piernas en el aire.
254;Salto en X;avanzado;cardio | fuerza | equilibrio | estabilidad;de_pie;piernas | core | gluteos | brazos | hombros;Ejercicio de salto explosivo con apertura de piernas y brazos formando una X en el aire.
65;Saltos Altos;avanzado;cardio | fuerza | equilibrio;de_pie;piernas | gluteos | core | pantorrillas;Ejercicio de alto impacto que consiste en saltar verticalmente lo más alto posible, activando toda la cadena muscular inferior.
110;Saltos Laterales;avanzado;cardio | fuerza | equilibrio;de_pie;piernas | gluteos | core;Saltos explosivos de lado a lado que mejoran la potencia y agilidad de las piernas.
159;Saltos Pogo;avanzado;cardio | fuerza | equilibrio;de_pie;piernas | gluteos | core;Saltos continuos sobre las puntas de los pies manteniendo las piernas relativamente rectas, simulando el movimiento de un pogo stick.
112;Saltos Snap Tumbado;avanzado;cardio | fuerza | estabilidad;tumbado;piernas | core | gluteos | espalda;Ejercicio explosivo que combina posición tumbada con saltos verticales, requiriendo levantarse rápidamente del suelo.
32;Saltos con Palmadas;avanzado;cardio | fuerza | equilibrio;de_pie;piernas | brazos | hombros | gluteos | core;Ejercicio cardiovascular de alto impacto que combina saltos laterales de piernas con palmadas de brazos sobre la cabeza.
240;Saltos con Rodillas al Pecho;avanzado;cardio | fuerza | equilibrio;de_pie;piernas | core | gluteos;Salto explosivo elevando ambas rodillas hacia el pecho en el aire, ejercicio de alto impacto y alta intensidad cardiovascular.
128;Saltos con Zancada y Rodilla Alta Izquierda;avanzado;cardio | fuerza | equilibrio;de_pie;piernas | gluteos | core;Ejercicio de alto impacto que combina zancadas con saltos explosivos y elevación de rodilla en la pierna izquierda.
23;Saltos de 180 Grados;avanzado;cardio | fuerza | equilibrio | estabilidad;de_pie;piernas | core | gluteos;Salto explosivo con rotación de 180 grados en el aire, aterrizando en dirección opuesta.
209;Saltos de Esquiador;avanzado;cardio | fuerza | equilibrio | estabilidad;de_pie;piernas | core | gluteos;Ejercicio de saltos laterales que simula el movimiento de un esquiador, alternando el peso de lado a lado con pequeños saltos.
224;Saltos de Estrella;avanzado;cardio | fuerza | equilibrio;de_pie;piernas | brazos | hombros | gluteos | core;Ejercicio de salto con apertura y cierre simultáneo de piernas y brazos, similar a jumping jacks pero con movimiento de estrella.
68;Saltos de Plancha Alta;avanzado;fuerza | cardio | estabilidad;cuadrupedia;core | brazos | hombros | piernas | pecho;Ejercicio de alta intensidad que combina la posición de plancha con saltos laterales de piernas, similar a jumping jacks horizontales.
129;Saltos de Zancada con Rodilla Alta Derecha;avanzado;cardio | fuerza | equilibrio;de_pie;piernas | gluteos | core;Ejercicio pliométrico que combina una zancada explosiva con elevación de rodilla alta del lado derecho, requiriendo potencia y coordinación avanzada.
90;Saltos de tijera;avanzado;cardio | fuerza | equilibrio;de_pie;piernas | brazos | hombros | core | gluteos;Ejercicio cardiovascular de alto impacto que implica saltos con apertura y cierre simultáneo de piernas y brazos.
39;Saltos de tijera cruzados;avanzado;cardio | fuerza | equilibrio;de_pie;piernas | brazos | hombros | core | gluteos;Variación de saltos de tijera donde brazos y piernas se cruzan por delante del cuerpo en lugar de abrirse lateralmente.
69;Saltos de tijera en plancha alta;avanzado;fuerza | cardio | estabilidad;cuadrupedia;core | hombros | brazos | piernas | pecho;Ejercicio de alta intensidad que combina la plancha alta con saltos de piernas hacia afuera y adentro, similar a un jumping jack horizontal.
86;Saltos de tijera o jumping jacks;avanzado;cardio | fuerza | equilibrio;de_pie;piernas | brazos | hombros | core | gluteos;Ejercicio cardiovascular de impacto que combina saltos con apertura simultánea de piernas y brazos.
63;Saludo inicial o bienvenida;iniciacion;movilidad;sentado;brazos | hombros;Movimiento suave de saludo con los brazos para iniciar la sesión y preparar el cuerpo.
217;Sentadilla con Cruce en X;avanzado;fuerza | cardio | equilibrio | estabilidad;de_pie;piernas | core | gluteos | hombros;Ejercicio combinado que alterna sentadillas con abdominales de pie en movimiento cruzado, ideal para trabajar tren inferior y core simultáneamente.
47;Sentadilla con Doble Pulso;avanzado;fuerza | estabilidad;de_pie;piernas | gluteos | core;Sentadilla con dos pulsos pequeños en la posición baja antes de subir, intensificando el trabajo muscular en piernas y glúteos.
218;Sentadilla con Elevación de Rodilla;avanzado;fuerza | equilibrio | cardio | estabilidad;de_pie;piernas | core | gluteos;Ejercicio dinámico que combina una sentadilla profunda con una elevación explosiva de rodilla, trabajando fuerza de piernas y equilibrio.
214;Sentadilla con Patada Lateral;avanzado;fuerza | equilibrio | estabilidad;de_pie;piernas | gluteos | core | cadera;Combinación de sentadilla profunda seguida de una patada lateral, ejercicio dinámico que trabaja piernas, glúteos y equilibrio.
216;Sentadilla con Toque al Suelo;avanzado;fuerza | equilibrio | movilidad | estabilidad;de_pie;piernas | gluteos | core | espalda;Sentadilla profunda con descenso controlado tocando el suelo con las manos, que requiere fuerza significativa en piernas y buena movilidad.
248;Sentadilla contra la pared;intermedio;fuerza | estabilidad;de_pie;piernas | gluteos | core;Ejercicio isométrico que consiste en mantener una posición de sentadilla apoyando la espalda contra la pared.
136;Sentadilla en Pared con Marcha;avanzado;fuerza | equilibrio | estabilidad;de_pie;piernas | core | gluteos;Ejercicio que combina sentadilla isométrica contra pared mientras se alternan las piernas levantándolas como si marchara.
257;Sentadilla en X;intermedio;fuerza | equilibrio | estabilidad;de_pie;piernas | gluteos | core;Sentadilla con posición de piernas cruzadas en forma de X, trabajando fuerza y equilibrio avanzado de tren inferior.
219;Sentadillas;intermedio;fuerza | equilibrio | estabilidad;de_pie;piernas | gluteos | core;Flexión controlada de rodillas y cadera bajando el cuerpo como si fueras a sentarte, manteniendo la espalda recta.
157;Sentadillas Plié;intermedio;fuerza | equilibrio | movilidad;de_pie;piernas | gluteos | core | cadera;Sentadilla con piernas abiertas y pies hacia afuera que fortalece muslos internos, glúteos y mejora el equilibrio.
146;Sentadillas con Brazos Elevados;avanzado;fuerza | equilibrio | estabilidad | movilidad;de_pie;piernas | core | hombros | gluteos | espalda;Sentadilla profunda manteniendo los brazos completamente extendidos por encima de la cabeza, requiere gran movilidad y fuerza.
215;Sentadillas con Estrellas;intermedio;fuerza | cardio | equilibrio;de_pie;piernas | gluteos | core | brazos | hombros;Sentadilla combinada con apertura de brazos y piernas en forma de estrella al subir, ejercicio dinámico que trabaja todo el cuerpo.
162;Sentadillas con Manos en la Nuca;intermedio;fuerza | equilibrio | estabilidad;de_pie;piernas | gluteos | core;Sentadilla de pie con las manos entrelazadas detrás de la cabeza, fortaleciendo piernas y glúteos mientras se mantiene el equilibrio.
142;Sentadillas con Pies Juntos;intermedio;fuerza | equilibrio | estabilidad;de_pie;piernas | gluteos | core;Sentadillas realizadas con los pies más juntos de lo habitual, aumentando el desafío de equilibrio y fortaleciendo cuádriceps y glúteos.
220;Sentadillas con Pies Rápidos;avanzado;fuerza | cardio | equilibrio;de_pie;piernas | gluteos | core;Ejercicio dinámico que combina sentadillas con movimientos rápidos de pies para mejorar fuerza, coordinación y resistencia cardiovascular.
165;Sentadillas con Pulsos;intermedio;fuerza | estabilidad;de_pie;piernas | gluteos | core;Sentadillas con pequeños rebotes manteniendo la posición baja para incrementar la intensidad muscular en piernas y glúteos.
89;Sentadillas con Salto;avanzado;fuerza | cardio | equilibrio;de_pie;piernas | gluteos | core;Ejercicio de alta intensidad que combina sentadilla profunda con salto explosivo vertical.
81;Sentadillas con Salto Abriendo y Cerrando Piernas;avanzado;cardio | fuerza | equilibrio;de_pie;piernas | gluteos | core;Ejercicio pliométrico que combina sentadillas con saltos alternando posición de piernas abiertas y cerradas.
22;Sentadillas con Salto de 180 Grados;avanzado;fuerza | cardio | equilibrio | estabilidad;de_pie;piernas | gluteos | core | espalda;Ejercicio pliométrico avanzado que combina sentadilla profunda con salto explosivo y giro de 180 grados en el aire.
156;Sentadillas con Salto en Plié;avanzado;fuerza | cardio | equilibrio;de_pie;piernas | gluteos | core;Sentadilla con piernas abiertas y pies hacia afuera que incluye un salto explosivo, ejercicio de alto impacto para fortalecimiento de piernas.
29;Sentadillas con Salto y Patada de Glúteos;avanzado;cardio | fuerza | equilibrio;de_pie;piernas | gluteos | core;Ejercicio de alta intensidad que combina sentadillas con salto y patadas de talón hacia los glúteos, requiriendo fuerza explosiva y coordinación avanzada.
127;Sentadillas con Saltos Bajos;avanzado;cardio | fuerza | equilibrio;de_pie;piernas | gluteos | core;Ejercicio cardiovascular que combina sentadillas bajas con saltos laterales alternos de bajo impacto.
213;Sentadillas con Saltos Laterales;avanzado;cardio | fuerza | equilibrio;de_pie;piernas | gluteos | core;Ejercicio dinámico que combina sentadillas con saltos laterales alternados, elevando la frecuencia cardíaca.
56;Sentadillas de Rana;intermedio;fuerza | movilidad | estabilidad;de_pie;piernas | gluteos | core | cadera;Sentadilla profunda con piernas separadas y pies hacia afuera, imitando la postura de una rana.
212;Spiderman;avanzado;fuerza | movilidad | estabilidad;cuadrupedia;core | brazos | hombros | piernas | pecho | espalda;Ejercicio dinámico en posición de plancha que alterna llevando una rodilla hacia el codo del mismo lado, imitando el movimiento de escalada de Spiderman.
241;Subidas y Bajadas;intermedio;fuerza | equilibrio | cardio | estabilidad;de_pie;piernas | core | gluteos | brazos;Ejercicio dinámico que implica subir y bajar del suelo o de una posición baja a estar de pie, trabajando fuerza de piernas y core.
103;Subidas y Bajadas de Rodilla;iniciacion;movilidad | fuerza | equilibrio;de_pie;piernas | core | cadera;Ejercicio de elevación alternada de rodillas hacia el pecho, mejorando la movilidad de cadera y fortaleciendo el core.
230;Superman;avanzado;fuerza | estabilidad;tumbado;espalda | core | gluteos | hombros;Ejercicio tumbado boca abajo elevando brazos y piernas simultáneamente, fortaleciendo toda la cadena posterior del cuerpo.
243;Superman;avanzado;fuerza | estabilidad;tumbado;espalda | gluteos | core | hombros;Ejercicio tumbado boca abajo donde se elevan simultáneamente brazos y piernas extendidas, fortaleciendo la cadena posterior.
51;Superman;avanzado;fuerza | estabilidad;tumbado;espalda | gluteos | core | hombros;Ejercicio tumbado boca abajo elevando brazos y piernas simultáneamente, fortaleciendo la cadena posterior del cuerpo.
259;Superman;avanzado;fuerza | estabilidad;tumbado;espalda | core | gluteos | hombros;Ejercicio tumbado boca abajo que consiste en elevar simultáneamente brazos y piernas del suelo, fortaleciendo la cadena posterior del cuerpo.
233;Superman;intermedio;fuerza | estabilidad;tumbado;espalda | gluteos | core | hombros;Ejercicio tumbado boca abajo que fortalece la espalda baja y glúteos elevando brazos y piernas simultáneamente.
178;Tijeras;avanzado;fuerza | estabilidad | cardio;tumbado;core | piernas | gluteos;Ejercicio abdominal intenso donde se alternan movimientos de piernas en tijera mientras se está tumbado boca arriba.
177;Tijeras Abdominales;avanzado;fuerza | estabilidad;tumbado;core | piernas;Ejercicio abdominal intenso tumbado boca arriba con movimiento alternado de piernas en el aire simulando tijeras.
231;Tirón de Superman;avanzado;fuerza | estabilidad;tumbado;espalda | core | hombros | gluteos;Ejercicio en posición boca abajo que fortalece la espalda baja mediante elevación de brazos y piernas con movimiento de tracción.
235;Toque de Puntas;iniciacion;movilidad | equilibrio | cardio;de_pie;piernas | core;Ejercicio de bajo impacto donde se alternan toques ligeros con la punta del pie hacia adelante o al lado, manteniendo el equilibrio.
226;Toques de Estrella con los Dedos del Pie;avanzado;movilidad | equilibrio | fuerza | cardio;de_pie;piernas | core | brazos | hombros | gluteos;Ejercicio dinámico que implica abrir brazos y piernas en forma de estrella mientras se tocan alternativamente los dedos de los pies con las manos opuestas.
236;Toques de dedos de los pies;intermedio;flexibilidad | estiramiento | movilidad;de_pie;piernas | core | espalda | gluteos;Flexión hacia adelante para tocar los dedos de los pies, mejorando la flexibilidad de la cadena posterior.
62;Toques de talón;intermedio;fuerza | cardio | estabilidad;suelo;core | piernas | gluteos;Ejercicio abdominal en el suelo donde se alternan toques de las manos a los talones con ligera flexión lateral del tronco.
87;Trote en el sitio;intermedio;cardio | equilibrio;de_pie;piernas | core | gluteos;Ejercicio cardiovascular que consiste en simular el movimiento de trote sin desplazarse, elevando las rodillas alternadamente.
242;V-ups o Elevaciones en V;avanzado;fuerza | estabilidad;tumbado;core | piernas;Ejercicio abdominal avanzado que consiste en elevar simultáneamente piernas y torso formando una V mientras se está tumbado boca arriba.
163;X Prona;avanzado;fuerza | estabilidad;tumbado;espalda | hombros | core | gluteos;Ejercicio en posición boca abajo que fortalece la espalda alta y hombros mediante elevación de brazos en forma de X.
182;Zancada Lateral con Toque al Suelo;avanzado;fuerza | equilibrio | movilidad | estabilidad;de_pie;piernas | gluteos | core | cadera;Zancada lateral amplia llevando la mano hacia el suelo del lado de la pierna flexionada, trabajando fuerza, equilibrio y movilidad de cadera.
134;Zancada a Rodilla Alta (Izquierda);avanzado;fuerza | equilibrio | cardio | estabilidad;de_pie;piernas | gluteos | core;Ejercicio dinámico que combina una zancada hacia atrás con elevación de rodilla izquierda, trabajando fuerza y equilibrio unilateral.
135;Zancada a Rodilla Alta Derecha;avanzado;fuerza | equilibrio | cardio | estabilidad;de_pie;piernas | gluteos | core;Ejercicio dinámico que combina una zancada con elevación explosiva de rodilla derecha, trabajando fuerza y equilibrio unilateral.
131;Zancada con Giro hacia la Derecha;avanzado;fuerza | equilibrio | movilidad | estabilidad;de_pie;piernas | core | gluteos | espalda;Ejercicio que combina una zancada o estocada con rotación del torso hacia la derecha, trabajando piernas, glúteos y core simultáneamente.
133;Zancada con Patada Frontal Derecha;avanzado;fuerza | equilibrio | cardio | estabilidad;de_pie;piernas | gluteos | core;Ejercicio dinámico que combina una zancada hacia atrás con una patada frontal explosiva con la pierna derecha, trabajando fuerza y equilibrio.
191;Zancada lateral a reverencia izquierda;avanzado;fuerza | equilibrio | movilidad | estabilidad;de_pie;piernas | gluteos | core | cadera;Movimiento combinado que inicia con una zancada lateral hacia la izquierda y transiciona a una zancada en reverencia cruzando la pierna detrás.
149;Zancadas Pendulares Izquierda;intermedio;fuerza | equilibrio | estabilidad;de_pie;piernas | gluteos | core;Zancadas dinámicas con movimiento de péndulo hacia adelante y atrás con la pierna izquierda, manteniendo el equilibrio sobre la pierna derecha.
150;Zancadas Péndulo Derecha;intermedio;fuerza | equilibrio | estabilidad;de_pie;piernas | gluteos | core;Zancadas dinámicas alternando hacia adelante y atrás con la pierna derecha en movimiento continuo tipo péndulo.
152;Zancadas con Giro;avanzado;fuerza | equilibrio | estabilidad | movilidad;de_pie;piernas | gluteos | core | cadera;Zancada hacia adelante con rotación del torso, combinando fuerza de piernas con control del core y equilibrio dinámico.
88;Zancadas con Salto;avanzado;cardio | fuerza | equilibrio;de_pie;piernas | gluteos | core;Ejercicio pliométrico que combina zancadas alternadas con saltos explosivos, requiriendo alta intensidad y coordinación.
237;Zancadas con Toque al Suelo;avanzado;fuerza | equilibrio | estabilidad;de_pie;piernas | gluteos | core | cuadriceps;Zancada profunda hacia adelante tocando el suelo con las manos, simulando el gesto de anotar un touchdown en fútbol americano.
43;Zancadas con reverencia (pierna derecha);avanzado;fuerza | equilibrio | estabilidad;de_pie;piernas | gluteos | core;Zancada diagonal cruzando la pierna derecha por detrás hacia el lado contrario, simulando una reverencia, que trabaja intensamente glúteos y equilibrio.
42;Zancadas con reverencia izquierda;avanzado;fuerza | equilibrio | estabilidad;de_pie;piernas | gluteos | core;Zancada lateral cruzada donde la pierna izquierda se desplaza hacia atrás en diagonal detrás de la pierna derecha, simulando una reverencia.
55;Zancadas hacia adelante;avanzado;fuerza | equilibrio | estabilidad;de_pie;piernas | gluteos | core;Ejercicio de dar un paso largo hacia adelante flexionando ambas rodillas para fortalecer piernas y glúteos.
19;Zancadas hacia atrás;intermedio;fuerza | equilibrio | estabilidad;de_pie;piernas | gluteos | core;Ejercicio de fuerza que consiste en dar un paso largo hacia atrás, flexionando ambas rodillas hasta formar ángulos de 90 grados.
184;Zancadas laterales derecha;intermedio;fuerza | equilibrio | movilidad;de_pie;piernas | gluteos | core | cadera;Zancada lateral hacia el lado derecho que fortalece piernas y glúteos mientras mejora el equilibrio y la movilidad lateral.
183;Zancadas laterales izquierda;intermedio;fuerza | equilibrio | movilidad;de_pie;piernas | gluteos | core | cadera;Zancada lateral hacia el lado izquierdo para fortalecer piernas, glúteos y mejorar el equilibrio lateral.
